module,boundary,point,x_mm,y_mm
0,outer,0,54.03578125,211.02182813
0,outer,1,55.99866875,212.16487813
0,outer,2,102.57566875,385.99260937
0,outer,3,97.78044063,394.19990000
0,outer,4,94.78293810,394.93447619
0,outer,5,91.77991849,395.64616204
0,outer,6,88.77155658,396.33491613
0,outer,7,85.75802749,397.00069837
0,outer,8,82.73950663,397.64347000
0,outer,9,79.71616970,398.26319360
0,outer,10,76.68819267,398.85983312
0,outer,11,73.65575181,399.43335381
0,outer,12,70.61902362,399.98372229
0,outer,13,67.57818487,400.51090653
0,outer,14,64.53341255,401.01487585
0,outer,15,61.48488389,401.49560090
0,outer,16,58.43277634,401.95305370
0,outer,17,55.37726756,402.38720764
0,outer,18,52.31853539,402.79803743
0,outer,19,49.25675789,403.18551916
0,outer,20,46.19211327,403.54963028
0,outer,21,43.12477992,403.89034960
0,outer,22,40.05493637,404.20765728
0,outer,23,36.98276132,404.50153486
0,outer,24,33.90843360,404.77196522
0,outer,25,30.83213214,405.01893262
0,outer,26,27.75403602,405.24242270
0,outer,27,24.67432440,405.44242244
0,outer,28,21.59317654,405.61892019
0,outer,29,18.51077180,405.77190570
0,outer,30,15.42728959,405.90137004
0,outer,31,12.34290939,406.00730569
0,outer,32,9.25781074,406.08970648
0,outer,33,6.17217322,406.14856762
0,outer,34,3.08617643,406.18388567
0,outer,35,0.00000000,406.19565858
0,outer,36,-3.08617643,406.18388567
0,outer,37,-6.17217322,406.14856762
0,outer,38,-9.25781074,406.08970648
0,outer,39,-12.34290939,406.00730569
0,outer,40,-15.42728959,405.90137004
0,outer,41,-18.51077180,405.77190570
0,outer,42,-21.59317654,405.61892019
0,outer,43,-24.67432440,405.44242244
0,outer,44,-27.75403602,405.24242270
0,outer,45,-30.83213214,405.01893262
0,outer,46,-33.90843360,404.77196522
0,outer,47,-36.98276132,404.50153486
0,outer,48,-40.05493637,404.20765728
0,outer,49,-43.12477992,403.89034960
0,outer,50,-46.19211327,403.54963028
0,outer,51,-49.25675789,403.18551916
0,outer,52,-52.31853539,402.79803743
0,outer,53,-55.37726756,402.38720764
0,outer,54,-58.43277634,401.95305370
0,outer,55,-61.48488389,401.49560090
0,outer,56,-64.53341255,401.01487585
0,outer,57,-67.57818487,400.51090653
0,outer,58,-70.61902362,399.98372229
0,outer,59,-73.65575181,399.43335381
0,outer,60,-76.68819267,398.85983312
0,outer,61,-79.71616970,398.26319360
0,outer,62,-82.73950663,397.64347000
0,outer,63,-85.75802749,397.00069837
0,outer,64,-88.77155658,396.33491613
0,outer,65,-91.77991849,395.64616204
0,outer,66,-94.78293810,394.93447619
0,outer,67,-97.78044062,394.19990000
0,outer,68,-102.57566875,385.99260937
0,outer,69,-55.99861875,212.16487813
0,outer,70,-54.03578125,211.02182813
0,outer,71,-52.38104247,211.43865306
0,outer,72,-50.72308917,211.84250248
0,outer,73,-49.06202312,212.23335161
0,outer,74,-47.39794624,212.61117647
0,outer,75,-45.73096066,212.97595385
0,outer,76,-44.06116867,213.32766138
0,outer,77,-42.38867275,213.66627748
0,outer,78,-40.71357553,213.99178136
0,outer,79,-39.03597981,214.30415305
0,outer,80,-37.35598854,214.60337338
0,outer,81,-35.67370482,214.88942399
0,outer,82,-33.98923188,215.16228733
0,outer,83,-32.30267310,215.42194664
0,outer,84,-30.61413198,215.66838599
0,outer,85,-28.92371214,215.90159026
0,outer,86,-27.23151732,216.12154514
0,outer,87,-25.53765135,216.32823714
0,outer,88,-23.84221821,216.52165355
0,outer,89,-22.14532191,216.70178253
0,outer,90,-20.44706661,216.86861301
0,outer,91,-18.74755652,217.02213475
0,outer,92,-17.04689594,217.16233834
0,outer,93,-15.34518922,217.28921516
0,outer,94,-13.64254081,217.40275744
0,outer,95,-11.93905518,217.50295821
0,outer,96,-10.23483688,217.58981131
0,outer,97,-8.52999049,217.66331142
0,outer,98,-6.82462064,217.72345402
0,outer,99,-5.11883197,217.77023543
0,outer,100,-3.41272918,217.80365277
0,outer,101,-1.70641695,217.82370399
0,outer,102,0.00000000,217.83038787
0,outer,103,1.70641695,217.82370399
0,outer,104,3.41272918,217.80365277
0,outer,105,5.11883197,217.77023543
0,outer,106,6.82462064,217.72345402
0,outer,107,8.52999049,217.66331142
0,outer,108,10.23483688,217.58981131
0,outer,109,11.93905518,217.50295821
0,outer,110,13.64254081,217.40275744
0,outer,111,15.34518922,217.28921516
0,outer,112,17.04689594,217.16233834
0,outer,113,18.74755652,217.02213475
0,outer,114,20.44706661,216.86861301
0,outer,115,22.14532191,216.70178253
0,outer,116,23.84221821,216.52165355
0,outer,117,25.53765135,216.32823714
0,outer,118,27.23151732,216.12154514
0,outer,119,28.92371214,215.90159026
0,outer,120,30.61413198,215.66838599
0,outer,121,32.30267310,215.42194664
0,outer,122,33.98923188,215.16228733
0,outer,123,35.67370482,214.88942399
0,outer,124,37.35598854,214.60337338
0,outer,125,39.03597981,214.30415305
0,outer,126,40.71357553,213.99178136
0,outer,127,42.38867275,213.66627748
0,outer,128,44.06116867,213.32766138
0,outer,129,45.73096066,212.97595385
0,outer,130,47.39794624,212.61117647
0,outer,131,49.06202312,212.23335161
0,outer,132,50.72308917,211.84250248
0,outer,133,52.38104247,211.43865306
0,outer,134,54.03578125,211.02182813
0,inner,0,95.53156875,390.73114063
0,inner,1,97.05715000,379.10755000
0,inner,2,97.05764473,379.10368924
0,inner,3,97.05811578,379.09982552
0,inner,4,97.05856313,379.09595899
0,inner,5,97.05898677,379.09208978
0,inner,6,97.05938669,379.08821805
0,inner,7,97.05976286,379.08434394
0,inner,8,97.06011527,379.08046760
0,inner,9,97.06044392,379.07658917
0,inner,10,97.06074878,379.07270880
0,inner,11,97.06102985,379.06882664
0,inner,12,97.06128711,379.06494282
0,inner,13,97.06152056,379.06105750
0,inner,14,97.06173018,379.05717082
0,inner,15,97.06191598,379.05328293
0,inner,16,97.06207794,379.04939397
0,inner,17,97.06221605,379.04550410
0,inner,18,97.06233031,379.04161345
0,inner,19,97.06242072,379.03772217
0,inner,20,97.06248727,379.03383041
0,inner,21,97.06252997,379.02993831
0,inner,22,97.06254880,379.02604603
0,inner,23,97.06254377,379.02215371
0,inner,24,97.06251488,379.01826149
0,inner,25,97.06246213,379.01436952
0,inner,26,97.06238552,379.01047794
0,inner,27,97.06228506,379.00658691
0,inner,28,97.06216074,379.00269657
0,inner,29,97.06201257,378.99880706
0,inner,30,97.06184057,378.99491854
0,inner,31,97.06164473,378.99103114
0,inner,32,97.06142506,378.98714501
0,inner,33,97.06118157,378.98326031
0,inner,34,97.06091427,378.97937717
0,inner,35,97.06062317,378.97549574
0,inner,36,97.06030829,378.97161617
0,inner,37,97.05996962,378.96773861
0,inner,38,97.05960719,378.96386319
0,inner,39,97.05922101,378.95999007
0,inner,40,97.05881109,378.95611938
0,inner,41,97.05837745,378.95225129
0,inner,42,97.05792011,378.94838592
0,inner,43,97.05743908,378.94452343
0,inner,44,97.05693437,378.94066396
0,inner,45,97.05640602,378.93680766
0,inner,46,97.05585404,378.93295467
0,inner,47,97.05527844,378.92910514
0,inner,48,97.05467926,378.92525921
0,inner,49,97.05405651,378.92141702
0,inner,50,97.05341022,378.91757872
0,inner,51,97.05274042,378.91374446
0,inner,52,97.05204711,378.90991437
0,inner,53,97.05133035,378.90608861
0,inner,54,97.05059014,378.90226731
0,inner,55,97.04982652,378.89845063
0,inner,56,97.04903951,378.89463869
0,inner,57,97.04822915,378.89083166
0,inner,58,97.04739547,378.88702966
0,inner,59,97.04653849,378.88323284
0,inner,60,97.04565826,378.87944135
0,inner,61,97.04475480,378.87565533
0,inner,62,97.04382814,378.87187491
0,inner,63,97.04287833,378.86810025
0,inner,64,97.04190540,378.86433148
0,inner,65,97.04090937,378.86056875
0,inner,66,54.99469063,221.94193125
0,inner,67,54.99368409,221.93821942
0,inner,68,54.99265509,221.93451374
0,inner,69,54.99160367,221.93081437
0,inner,70,54.99052986,221.92712144
0,inner,71,54.98943370,221.92343508
0,inner,72,54.98831524,221.91975542
0,inner,73,54.98717451,221.91608261
0,inner,74,54.98601155,221.91241677
0,inner,75,54.98482641,221.90875805
0,inner,76,54.98361914,221.90510656
0,inner,77,54.98238976,221.90146246
0,inner,78,54.98113834,221.89782587
0,inner,79,54.97986492,221.89419693
0,inner,80,54.97856954,221.89057577
0,inner,81,54.97725225,221.88696252
0,inner,82,54.97591311,221.88335731
0,inner,83,54.97455215,221.87976028
0,inner,84,54.97316942,221.87617156
0,inner,85,54.97176499,221.87259128
0,inner,86,54.97033890,221.86901958
0,inner,87,54.96889120,221.86545657
0,inner,88,54.96742195,221.86190240
0,inner,89,54.96593120,221.85835720
0,inner,90,54.96441900,221.85482109
0,inner,91,54.96288541,221.85129420
0,inner,92,54.96133049,221.84777666
0,inner,93,54.95975429,221.84426861
0,inner,94,54.95815687,221.84077017
0,inner,95,54.95653830,221.83728147
0,inner,96,54.95489862,221.83380263
0,inner,97,54.95323790,221.83033379
0,inner,98,54.95155621,221.82687508
0,inner,99,54.94985359,221.82342661
0,inner,100,54.94813012,221.81998852
0,inner,101,54.94638586,221.81656093
0,inner,102,54.94462087,221.81314396
0,inner,103,54.94283521,221.80973775
0,inner,104,54.94102896,221.80634242
0,inner,105,54.93920218,221.80295809
0,inner,106,54.93735493,221.79958489
0,inner,107,54.93548728,221.79622294
0,inner,108,54.93359931,221.79287236
0,inner,109,54.93169107,221.78953327
0,inner,110,54.92976265,221.78620581
0,inner,111,54.92781411,221.78289009
0,inner,112,54.92584552,221.77958623
0,inner,113,54.92385696,221.77629435
0,inner,114,54.92184849,221.77301458
0,inner,115,54.91982020,221.76974703
0,inner,116,54.91777216,221.76649183
0,inner,117,54.91570443,221.76324909
0,inner,118,54.91361710,221.76001894
0,inner,119,54.91151025,221.75680149
0,inner,120,54.90938395,221.75359686
0,inner,121,54.90723828,221.75040516
0,inner,122,54.90507331,221.74722652
0,inner,123,54.90288913,221.74406105
0,inner,124,54.90068582,221.74090887
0,inner,125,54.89846346,221.73777009
0,inner,126,54.89622213,221.73464483
0,inner,127,54.89396191,221.73153320
0,inner,128,54.89168288,221.72843532
0,inner,129,54.88938513,221.72535130
0,inner,130,54.88706875,221.72228125
0,inner,131,50.87794062,216.44215000
0,inner,132,50.87096157,216.43312774
0,inner,133,50.86382159,216.42423229
0,inner,134,50.85652297,216.41546653
0,inner,135,50.84906808,216.40683328
0,inner,136,50.84145931,216.39833533
0,inner,137,50.83369913,216.38997543
0,inner,138,50.82579005,216.38175626
0,inner,139,50.81773460,216.37368049
0,inner,140,50.80953539,216.36575071
0,inner,141,50.80119507,216.35796949
0,inner,142,50.79271632,216.35033933
0,inner,143,50.78410189,216.34286270
0,inner,144,50.77535455,216.33554202
0,inner,145,50.76647713,216.32837964
0,inner,146,50.75747248,216.32137787
0,inner,147,50.74834352,216.31453897
0,inner,148,50.73909319,216.30786516
0,inner,149,50.72972448,216.30135858
0,inner,150,50.72024040,216.29502133
0,inner,151,50.71064402,216.28885547
0,inner,152,50.70093844,216.28286296
0,inner,153,50.69112678,216.27704577
0,inner,154,50.68121222,216.27140574
0,inner,155,50.67119795,216.26594472
0,inner,156,50.66108720,216.26066446
0,inner,157,50.65088324,216.25556666
0,inner,158,50.64058936,216.25065297
0,inner,159,50.63020887,216.24592497
0,inner,160,50.61974514,216.24138420
0,inner,161,50.60920153,216.23703211
0,inner,162,50.59858145,216.23287011
0,inner,163,50.58788832,216.22889954
0,inner,164,50.57712560,216.22512169
0,inner,165,50.56629675,216.22153777
0,inner,166,50.55540528,216.21814893
0,inner,167,50.54445469,216.21495628
0,inner,168,50.53344852,216.21196085
0,inner,169,50.52239032,216.20916359
0,inner,170,50.51128366,216.20656541
0,inner,171,50.50013213,216.20416716
0,inner,172,50.48893931,216.20196959
0,inner,173,50.47770883,216.19997344
0,inner,174,50.46644430,216.19817932
0,inner,175,50.45514937,216.19658784
0,inner,176,50.44382767,216.19519949
0,inner,177,50.43248286,216.19401473
0,inner,178,50.42111860,216.19303395
0,inner,179,50.40973855,216.19225744
0,inner,180,50.39834639,216.19168548
0,inner,181,50.38694580,216.19131824
0,inner,182,50.37554045,216.19115583
0,inner,183,50.36413402,216.19119832
0,inner,184,50.35273020,216.19144569
0,inner,185,50.34133266,216.19189786
0,inner,186,50.32994508,216.19255468
0,inner,187,50.31857113,216.19341594
0,inner,188,50.30721449,216.19448136
0,inner,189,50.29587882,216.19575060
0,inner,190,50.28456778,216.19722326
0,inner,191,50.27328502,216.19889884
0,inner,192,50.26203417,216.20077683
0,inner,193,50.25081887,216.20285660
0,inner,194,50.23964273,216.20513748
0,inner,195,50.22850938,216.20761875
0,inner,196,48.68496633,216.56044626
0,inner,197,47.13894550,216.90225320
0,inner,198,45.59052557,217.23302217
0,inner,199,44.03978535,217.55273634
0,inner,200,42.48680376,217.86137943
0,inner,201,40.93165983,218.15893575
0,inner,202,39.37443272,218.44539013
0,inner,203,37.81520168,218.72072801
0,inner,204,36.25404606,218.98493537
0,inner,205,34.69104532,219.23799877
0,inner,206,33.12627901,219.47990532
0,inner,207,31.55982677,219.71064271
0,inner,208,29.99176831,219.93019921
0,inner,209,28.42218344,220.13856363
0,inner,210,26.85115205,220.33572538
0,inner,211,25.27875409,220.52167441
0,inner,212,23.70506958,220.69640127
0,inner,213,22.13017863,220.85989705
0,inner,214,20.55416138,221.01215345
0,inner,215,18.97709804,221.15316271
0,inner,216,17.39906888,221.28291765
0,inner,217,15.82015420,221.40141168
0,inner,218,14.24043437,221.50863875
0,inner,219,12.65998978,221.60459342
0,inner,220,11.07890088,221.68927080
0,inner,221,9.49724812,221.76266658
0,inner,222,7.91511200,221.82477702
0,inner,223,6.33257306,221.87559896
0,inner,224,4.74971182,221.91512983
0,inner,225,3.16660885,221.94336759
0,inner,226,1.58334472,221.96031083
0,inner,227,0.00000000,221.96595867
0,inner,228,-1.58334472,221.96031083
0,inner,229,-3.16660885,221.94336759
0,inner,230,-4.74971182,221.91512983
0,inner,231,-6.33257306,221.87559896
0,inner,232,-7.91511200,221.82477702
0,inner,233,-9.49724812,221.76266658
0,inner,234,-11.07890088,221.68927080
0,inner,235,-12.65998978,221.60459342
0,inner,236,-14.24043437,221.50863875
0,inner,237,-15.82015420,221.40141168
0,inner,238,-17.39906888,221.28291765
0,inner,239,-18.97709804,221.15316271
0,inner,240,-20.55416138,221.01215345
0,inner,241,-22.13017863,220.85989705
0,inner,242,-23.70506958,220.69640127
0,inner,243,-25.27875409,220.52167441
0,inner,244,-26.85115205,220.33572538
0,inner,245,-28.42218344,220.13856363
0,inner,246,-29.99176831,219.93019921
0,inner,247,-31.55982677,219.71064271
0,inner,248,-33.12627901,219.47990532
0,inner,249,-34.69104532,219.23799877
0,inner,250,-36.25404606,218.98493537
0,inner,251,-37.81520168,218.72072801
0,inner,252,-39.37443272,218.44539013
0,inner,253,-40.93165983,218.15893575
0,inner,254,-42.48680376,217.86137943
0,inner,255,-44.03978535,217.55273634
0,inner,256,-45.59052557,217.23302217
0,inner,257,-47.13894550,216.90225320
0,inner,258,-48.68496633,216.56044626
0,inner,259,-50.22850938,216.20761875
0,inner,260,-50.23964273,216.20513748
0,inner,261,-50.25081887,216.20285660
0,inner,262,-50.26203417,216.20077683
0,inner,263,-50.27328502,216.19889884
0,inner,264,-50.28456778,216.19722326
0,inner,265,-50.29587882,216.19575060
0,inner,266,-50.30721449,216.19448136
0,inner,267,-50.31857113,216.19341594
0,inner,268,-50.32994508,216.19255468
0,inner,269,-50.34133266,216.19189786
0,inner,270,-50.35273020,216.19144569
0,inner,271,-50.36413402,216.19119832
0,inner,272,-50.37554045,216.19115583
0,inner,273,-50.38694580,216.19131824
0,inner,274,-50.39834639,216.19168548
0,inner,275,-50.40973855,216.19225744
0,inner,276,-50.42111860,216.19303395
0,inner,277,-50.43248286,216.19401473
0,inner,278,-50.44382767,216.19519949
0,inner,279,-50.45514937,216.19658784
0,inner,280,-50.46644430,216.19817932
0,inner,281,-50.47770883,216.19997344
0,inner,282,-50.48893931,216.20196959
0,inner,283,-50.50013213,216.20416716
0,inner,284,-50.51128366,216.20656541
0,inner,285,-50.52239032,216.20916359
0,inner,286,-50.53344852,216.21196085
0,inner,287,-50.54445469,216.21495628
0,inner,288,-50.55540528,216.21814893
0,inner,289,-50.56629675,216.22153777
0,inner,290,-50.57712560,216.22512169
0,inner,291,-50.58788832,216.22889954
0,inner,292,-50.59858145,216.23287011
0,inner,293,-50.60920153,216.23703211
0,inner,294,-50.61974514,216.24138420
0,inner,295,-50.63020887,216.24592497
0,inner,296,-50.64058936,216.25065297
0,inner,297,-50.65088324,216.25556666
0,inner,298,-50.66108720,216.26066446
0,inner,299,-50.67119795,216.26594472
0,inner,300,-50.68121222,216.27140574
0,inner,301,-50.69112678,216.27704577
0,inner,302,-50.70093844,216.28286296
0,inner,303,-50.71064402,216.28885547
0,inner,304,-50.72024040,216.29502133
0,inner,305,-50.72972448,216.30135858
0,inner,306,-50.73909319,216.30786516
0,inner,307,-50.74834352,216.31453897
0,inner,308,-50.75747248,216.32137787
0,inner,309,-50.76647713,216.32837964
0,inner,310,-50.77535455,216.33554202
0,inner,311,-50.78410189,216.34286270
0,inner,312,-50.79271632,216.35033933
0,inner,313,-50.80119507,216.35796949
0,inner,314,-50.80953539,216.36575071
0,inner,315,-50.81773460,216.37368049
0,inner,316,-50.82579005,216.38175626
0,inner,317,-50.83369913,216.38997543
0,inner,318,-50.84145931,216.39833533
0,inner,319,-50.84906808,216.40683328
0,inner,320,-50.85652297,216.41546653
0,inner,321,-50.86382159,216.42423229
0,inner,322,-50.87096157,216.43312774
0,inner,323,-50.87794063,216.44215000
0,inner,324,-52.20770938,218.19349063
0,inner,325,-52.21002576,218.19656067
0,inner,326,-52.21232351,218.19964469
0,inner,327,-52.21460253,218.20274258
0,inner,328,-52.21686275,218.20585420
0,inner,329,-52.21910408,218.20897947
0,inner,330,-52.22132645,218.21211825
0,inner,331,-52.22352976,218.21527043
0,inner,332,-52.22571393,218.21843590
0,inner,333,-52.22787890,218.22161454
0,inner,334,-52.23002457,218.22480623
0,inner,335,-52.23215088,218.22801086
0,inner,336,-52.23425773,218.23122832
0,inner,337,-52.23634506,218.23445847
0,inner,338,-52.23841278,218.23770121
0,inner,339,-52.24046083,218.24095641
0,inner,340,-52.24248912,218.24422395
0,inner,341,-52.24449758,218.24750373
0,inner,342,-52.24648615,218.25079560
0,inner,343,-52.24845473,218.25409946
0,inner,344,-52.25040328,218.25741518
0,inner,345,-52.25233170,218.26074265
0,inner,346,-52.25423993,218.26408173
0,inner,347,-52.25612791,218.26743231
0,inner,348,-52.25799555,218.27079426
0,inner,349,-52.25984280,218.27416747
0,inner,350,-52.26166959,218.27755180
0,inner,351,-52.26347584,218.28094713
0,inner,352,-52.26526149,218.28435334
0,inner,353,-52.26702648,218.28777030
0,inner,354,-52.26877075,218.29119789
0,inner,355,-52.27049422,218.29463598
0,inner,356,-52.27219683,218.29808445
0,inner,357,-52.27387853,218.30154317
0,inner,358,-52.27553925,218.30501201
0,inner,359,-52.27717892,218.30849084
0,inner,360,-52.27879750,218.31197955
0,inner,361,-52.28039492,218.31547799
0,inner,362,-52.28197111,218.31898604
0,inner,363,-52.28352603,218.32250357
0,inner,364,-52.28505962,218.32603046
0,inner,365,-52.28657182,218.32956657
0,inner,366,-52.28806257,218.33311178
0,inner,367,-52.28953183,218.33666595
0,inner,368,-52.29097952,218.34022895
0,inner,369,-52.29240562,218.34380066
0,inner,370,-52.29381005,218.34738094
0,inner,371,-52.29519277,218.35096966
0,inner,372,-52.29655373,218.35456669
0,inner,373,-52.29789288,218.35817189
0,inner,374,-52.29921017,218.36178514
0,inner,375,-52.30050555,218.36540631
0,inner,376,-52.30177897,218.36903525
0,inner,377,-52.30303039,218.37267184
0,inner,378,-52.30425976,218.37631594
0,inner,379,-52.30546704,218.37996742
0,inner,380,-52.30665217,218.38362615
0,inner,381,-52.30781513,218.38729198
0,inner,382,-52.30895586,218.39096480
0,inner,383,-52.31007433,218.39464445
0,inner,384,-52.31117049,218.39833082
0,inner,385,-52.31224430,218.40202375
0,inner,386,-52.31329572,218.40572312
0,inner,387,-52.31432472,218.40942879
0,inner,388,-52.31533125,218.41314063
0,inner,389,-96.47085938,383.20383125
0,inner,390,-96.47185541,383.20759408
0,inner,391,-96.47282837,383.21136294
0,inner,392,-96.47377820,383.21513770
0,inner,393,-96.47470487,383.21891821
0,inner,394,-96.47560835,383.22270433
0,inner,395,-96.47648860,383.22649592
0,inner,396,-96.47734559,383.23029283
0,inner,397,-96.47817929,383.23409493
0,inner,398,-96.47898966,383.23790207
0,inner,399,-96.47977668,383.24171410
0,inner,400,-96.48054031,383.24553088
0,inner,401,-96.48128053,383.24935228
0,inner,402,-96.48199731,383.25317814
0,inner,403,-96.48269063,383.25700832
0,inner,404,-96.48336045,383.26084268
0,inner,405,-96.48400675,383.26468107
0,inner,406,-96.48462950,383.26852336
0,inner,407,-96.48522869,383.27236939
0,inner,408,-96.48580429,383.27621902
0,inner,409,-96.48635629,383.28007211
0,inner,410,-96.48688464,383.28392851
0,inner,411,-96.48738935,383.28778807
0,inner,412,-96.48787039,383.29165066
0,inner,413,-96.48832774,383.29551613
0,inner,414,-96.48876138,383.29938432
0,inner,415,-96.48917131,383.30325510
0,inner,416,-96.48955749,383.30712832
0,inner,417,-96.48991992,383.31100384
0,inner,418,-96.49025859,383.31488150
0,inner,419,-96.49057348,383.31876117
0,inner,420,-96.49086458,383.32264270
0,inner,421,-96.49113188,383.32652593
0,inner,422,-96.49137537,383.33041074
0,inner,423,-96.49159503,383.33429696
0,inner,424,-96.49179087,383.33818446
0,inner,425,-96.49196288,383.34207308
0,inner,426,-96.49211104,383.34596269
0,inner,427,-96.49223535,383.34985313
0,inner,428,-96.49233581,383.35374426
0,inner,429,-96.49241242,383.35763593
0,inner,430,-96.49246516,383.36152800
0,inner,431,-96.49249405,383.36542031
0,inner,432,-96.49249907,383.36931274
0,inner,433,-96.49248023,383.37320512
0,inner,434,-96.49243753,383.37709731
0,inner,435,-96.49237097,383.38098917
0,inner,436,-96.49228055,383.38488054
0,inner,437,-96.49216628,383.38877129
0,inner,438,-96.49202816,383.39266127
0,inner,439,-96.49186619,383.39655032
0,inner,440,-96.49168038,383.40043831
0,inner,441,-96.49147075,383.40432509
0,inner,442,-96.49123728,383.40821050
0,inner,443,-96.49098001,383.41209442
0,inner,444,-96.49069893,383.41597668
0,inner,445,-96.49039405,383.41985715
0,inner,446,-96.49006539,383.42373568
0,inner,447,-96.48971296,383.42761211
0,inner,448,-96.48933678,383.43148632
0,inner,449,-96.48893684,383.43535815
0,inner,450,-96.48851319,383.43922745
0,inner,451,-96.48806581,383.44309408
0,inner,452,-96.48759475,383.44695789
0,inner,453,-96.48710000,383.45081875
0,inner,454,-95.53156875,390.73114063
0,inner,455,-95.52990601,390.74294990
0,inner,456,-95.52802178,390.75472586
0,inner,457,-95.52591673,390.76646436
0,inner,458,-95.52359160,390.77816126
0,inner,459,-95.52104720,390.78981243
0,inner,460,-95.51828444,390.80141376
0,inner,461,-95.51530430,390.81296115
0,inner,462,-95.51210781,390.82445054
0,inner,463,-95.50869612,390.83587788
0,inner,464,-95.50507042,390.84723913
0,inner,465,-95.50123199,390.85853028
0,inner,466,-95.49718219,390.86974735
0,inner,467,-95.49292244,390.88088639
0,inner,468,-95.48845425,390.89194347
0,inner,469,-95.48377919,390.90291468
0,inner,470,-95.47889891,390.91379615
0,inner,471,-95.47381514,390.92458406
0,inner,472,-95.46852966,390.93527459
0,inner,473,-95.46304435,390.94586397
0,inner,474,-95.45736113,390.95634846
0,inner,475,-95.45148201,390.96672438
0,inner,476,-95.44540907,390.97698805
0,inner,477,-95.43914444,390.98713587
0,inner,478,-95.43269034,390.99716424
0,inner,479,-95.42604904,391.00706963
0,inner,480,-95.41922289,391.01684855
0,inner,481,-95.41221429,391.02649755
0,inner,482,-95.40502571,391.03601322
0,inner,483,-95.39765970,391.04539221
0,inner,484,-95.39011884,391.05463121
0,inner,485,-95.38240581,391.06372697
0,inner,486,-95.37452331,391.07267626
0,inner,487,-95.36647414,391.08147594
0,inner,488,-95.35826112,391.09012291
0,inner,489,-95.34988716,391.09861411
0,inner,490,-95.34135521,391.10694654
0,inner,491,-95.33266827,391.11511727
0,inner,492,-95.32382943,391.12312342
0,inner,493,-95.31484178,391.13096216
0,inner,494,-95.30570850,391.13863073
0,inner,495,-95.29643282,391.14612641
0,inner,496,-95.28701800,391.15344658
0,inner,497,-95.27746737,391.16058864
0,inner,498,-95.26778429,391.16755008
0,inner,499,-95.25797218,391.17432845
0,inner,500,-95.24803451,391.18092134
0,inner,501,-95.23797477,391.18732644
0,inner,502,-95.22779651,391.19354148
0,inner,503,-95.21750333,391.19956427
0,inner,504,-95.20709885,391.20539270
0,inner,505,-95.19658675,391.21102470
0,inner,506,-95.18597074,391.21645828
0,inner,507,-95.17525455,391.22169154
0,inner,508,-95.16444197,391.22672262
0,inner,509,-95.15353681,391.23154974
0,inner,510,-95.14254292,391.23617122
0,inner,511,-95.13146418,391.24058541
0,inner,512,-95.12030449,391.24479076
0,inner,513,-95.10906779,391.24878579
0,inner,514,-95.09775805,391.25256908
0,inner,515,-95.08637924,391.25613931
0,inner,516,-95.07493540,391.25949521
0,inner,517,-95.06343055,391.26263560
0,inner,518,-95.05186875,391.26555938
0,inner,519,-92.13534047,391.96261474
0,inner,520,-89.21370170,392.63792970
0,inner,521,-86.28711450,393.29146680
0,inner,522,-83.35574119,393.92318979
0,inner,523,-80.41974437,394.53306362
0,inner,524,-77.47928690,395.12105448
0,inner,525,-74.53453187,395.68712974
0,inner,526,-71.58564261,396.23125800
0,inner,527,-68.63278271,396.75340910
0,inner,528,-65.67611593,397.25355405
0,inner,529,-62.71580629,397.73166513
0,inner,530,-59.75201797,398.18771581
0,inner,531,-56.78491538,398.62168080
0,inner,532,-53.81466309,399.03353602
0,inner,533,-50.84142585,399.42325863
0,inner,534,-47.86536858,399.79082702
0,inner,535,-44.88665635,400.13622080
0,inner,536,-41.90545438,400.45942080
0,inner,537,-38.92192804,400.76040910
0,inner,538,-35.93624281,401.03916901
0,inner,539,-32.94856429,401.29568507
0,inner,540,-29.95905821,401.52994304
0,inner,541,-26.96789039,401.74192993
0,inner,542,-23.97522673,401.93163399
0,inner,543,-20.98123323,402.09904469
0,inner,544,-17.98607597,402.24415275
0,inner,545,-14.98992106,402.36695011
0,inner,546,-11.99293471,402.46742997
0,inner,547,-8.99528314,402.54558675
0,inner,548,-5.99713263,402.60141612
0,inner,549,-2.99864948,402.63491498
0,inner,550,0.00000000,402.64608147
0,inner,551,2.99864948,402.63491498
0,inner,552,5.99713263,402.60141612
0,inner,553,8.99528314,402.54558675
0,inner,554,11.99293471,402.46742997
0,inner,555,14.98992106,402.36695011
0,inner,556,17.98607597,402.24415275
0,inner,557,20.98123323,402.09904469
0,inner,558,23.97522673,401.93163399
0,inner,559,26.96789039,401.74192993
0,inner,560,29.95905821,401.52994304
0,inner,561,32.94856429,401.29568507
0,inner,562,35.93624281,401.03916901
0,inner,563,38.92192804,400.76040910
0,inner,564,41.90545438,400.45942080
0,inner,565,44.88665635,400.13622080
0,inner,566,47.86536858,399.79082702
0,inner,567,50.84142585,399.42325863
0,inner,568,53.81466309,399.03353602
0,inner,569,56.78491538,398.62168080
0,inner,570,59.75201797,398.18771581
0,inner,571,62.71580629,397.73166513
0,inner,572,65.67611593,397.25355405
0,inner,573,68.63278271,396.75340910
0,inner,574,71.58564261,396.23125800
0,inner,575,74.53453187,395.68712974
0,inner,576,77.47928690,395.12105448
0,inner,577,80.41974437,394.53306362
0,inner,578,83.35574119,393.92318979
0,inner,579,86.28711450,393.29146680
0,inner,580,89.21370170,392.63792970
0,inner,581,92.13534047,391.96261474
0,inner,582,95.05186875,391.26555938
0,inner,583,95.06343055,391.26263560
0,inner,584,95.07493540,391.25949521
0,inner,585,95.08637924,391.25613931
0,inner,586,95.09775805,391.25256908
0,inner,587,95.10906779,391.24878579
0,inner,588,95.12030449,391.24479076
0,inner,589,95.13146418,391.24058541
0,inner,590,95.14254292,391.23617122
0,inner,591,95.15353681,391.23154974
0,inner,592,95.16444197,391.22672262
0,inner,593,95.17525455,391.22169154
0,inner,594,95.18597074,391.21645828
0,inner,595,95.19658675,391.21102470
0,inner,596,95.20709885,391.20539270
0,inner,597,95.21750333,391.19956427
0,inner,598,95.22779651,391.19354148
0,inner,599,95.23797477,391.18732644
0,inner,600,95.24803451,391.18092134
0,inner,601,95.25797218,391.17432845
0,inner,602,95.26778429,391.16755008
0,inner,603,95.27746737,391.16058864
0,inner,604,95.28701800,391.15344658
0,inner,605,95.29643282,391.14612641
0,inner,606,95.30570850,391.13863073
0,inner,607,95.31484178,391.13096216
0,inner,608,95.32382943,391.12312342
0,inner,609,95.33266827,391.11511727
0,inner,610,95.34135521,391.10694654
0,inner,611,95.34988716,391.09861411
0,inner,612,95.35826112,391.09012291
0,inner,613,95.36647414,391.08147594
0,inner,614,95.37452331,391.07267626
0,inner,615,95.38240581,391.06372697
0,inner,616,95.39011884,391.05463121
0,inner,617,95.39765970,391.04539221
0,inner,618,95.40502571,391.03601322
0,inner,619,95.41221429,391.02649755
0,inner,620,95.41922289,391.01684855
0,inner,621,95.42604904,391.00706963
0,inner,622,95.43269034,390.99716424
0,inner,623,95.43914444,390.98713587
0,inner,624,95.44540907,390.97698805
0,inner,625,95.45148201,390.96672438
0,inner,626,95.45736113,390.95634846
0,inner,627,95.46304435,390.94586397
0,inner,628,95.46852966,390.93527459
0,inner,629,95.47381514,390.92458406
0,inner,630,95.47889891,390.91379615
0,inner,631,95.48377919,390.90291468
0,inner,632,95.48845425,390.89194347
0,inner,633,95.49292244,390.88088639
0,inner,634,95.49718219,390.86974735
0,inner,635,95.50123199,390.85853028
0,inner,636,95.50507042,390.84723913
0,inner,637,95.50869612,390.83587788
0,inner,638,95.51210781,390.82445054
0,inner,639,95.51530430,390.81296115
0,inner,640,95.51828444,390.80141376
0,inner,641,95.52104720,390.78981243
0,inner,642,95.52359160,390.77816126
0,inner,643,95.52591673,390.76646436
0,inner,644,95.52802178,390.75472586
0,inner,645,95.52990601,390.74294990
0,inner,646,95.53156875,390.73114063
1,outer,0,98.22180000,395.88440000
1,outer,1,106.52760000,400.73580000
1,outer,2,147.16760000,552.37380000
1,outer,3,142.36700000,560.60340000
1,outer,4,138.00587816,561.69289706
1,outer,5,133.63642083,562.74846808
1,outer,6,129.25889192,563.77004931
1,outer,7,124.87355583,564.75757904
1,outer,8,120.48067744,565.71099764
1,outer,9,116.08052207,566.63024750
1,outer,10,111.67335550,567.51527312
1,outer,11,107.25944391,568.36602103
1,outer,12,102.83905389,569.18243986
1,outer,13,98.41245245,569.96448028
1,outer,14,93.97990694,570.71209506
1,outer,15,89.54168509,571.42523906
1,outer,16,85.09805496,572.10386919
1,outer,17,80.64928495,572.74794447
1,outer,18,76.19564376,573.35742599
1,outer,19,71.73740039,573.93227694
1,outer,20,67.27482412,574.47246261
1,outer,21,62.80818448,574.97795036
1,outer,22,58.33775125,575.44870966
1,outer,23,53.86379445,575.88471208
1,outer,24,49.38658430,576.28593129
1,outer,25,44.90639123,576.65234305
1,outer,26,40.42348583,576.98392523
1,outer,27,35.93813887,577.28065780
1,outer,28,31.45062126,577.54252284
1,outer,29,26.96120405,577.76950454
1,outer,30,22.47015840,577.96158918
1,outer,31,17.97775556,578.11876517
1,outer,32,13.48426687,578.24102300
1,outer,33,8.98996374,578.32835530
1,outer,34,4.49511762,578.38075679
1,outer,35,0.00000000,578.39822430
1,outer,36,-4.49511762,578.38075679
1,outer,37,-8.98996374,578.32835530
1,outer,38,-13.48426687,578.24102300
1,outer,39,-17.97775556,578.11876517
1,outer,40,-22.47015840,577.96158918
1,outer,41,-26.96120405,577.76950454
1,outer,42,-31.45062126,577.54252284
1,outer,43,-35.93813887,577.28065780
1,outer,44,-40.42348583,576.98392523
1,outer,45,-44.90639123,576.65234305
1,outer,46,-49.38658430,576.28593129
1,outer,47,-53.86379445,575.88471208
1,outer,48,-58.33775125,575.44870966
1,outer,49,-62.80818448,574.97795036
1,outer,50,-67.27482412,574.47246261
1,outer,51,-71.73740039,573.93227694
1,outer,52,-76.19564376,573.35742599
1,outer,53,-80.64928495,572.74794447
1,outer,54,-85.09805496,572.10386919
1,outer,55,-89.54168509,571.42523906
1,outer,56,-93.97990694,570.71209506
1,outer,57,-98.41245245,569.96448028
1,outer,58,-102.83905389,569.18243986
1,outer,59,-107.25944391,568.36602103
1,outer,60,-111.67335550,567.51527312
1,outer,61,-116.08052207,566.63024750
1,outer,62,-120.48067744,565.71099764
1,outer,63,-124.87355583,564.75757904
1,outer,64,-129.25889192,563.77004931
1,outer,65,-133.63642083,562.74846808
1,outer,66,-138.00587816,561.69289706
1,outer,67,-142.36700000,560.60340000
1,outer,68,-147.16760000,552.37380000
1,outer,69,-106.52760000,400.73580000
1,outer,70,-98.22180000,395.88440000
1,outer,71,-95.21031462,396.61943589
1,outer,72,-92.19333007,397.33156379
1,outer,73,-89.17102059,398.02074256
1,outer,74,-86.14356076,398.68693239
1,outer,75,-83.11112543,399.33009482
1,outer,76,-80.07388975,399.95019270
1,outer,77,-77.03202915,400.54719020
1,outer,78,-73.98571932,401.12105284
1,outer,79,-70.93513620,401.67174749
1,outer,80,-67.88045600,402.19924233
1,outer,81,-64.82185514,402.70350689
1,outer,82,-61.75951030,403.18451206
1,outer,83,-58.69359833,403.64223005
1,outer,84,-55.62429633,404.07663441
1,outer,85,-52.55178157,404.48770007
1,outer,86,-49.47623151,404.87540328
1,outer,87,-46.39782379,405.23972165
1,outer,88,-43.31673622,405.58063412
1,outer,89,-40.23314675,405.89812102
1,outer,90,-37.14723349,406.19216401
1,outer,91,-34.05917467,406.46274610
1,outer,92,-30.96914865,406.70985166
1,outer,93,-27.87733392,406.93346643
1,outer,94,-24.78390903,407.13357748
1,outer,95,-21.68905268,407.31017325
1,outer,96,-18.59294360,407.46324356
1,outer,97,-15.49576063,407.59277955
1,outer,98,-12.39768265,407.69877375
1,outer,99,-9.29888860,407.78122003
1,outer,100,-6.19955746,407.84011363
1,outer,101,-3.09986825,407.87545116
1,outer,102,0.00000000,407.88723056
1,outer,103,3.09986825,407.87545116
1,outer,104,6.19955746,407.84011363
1,outer,105,9.29888860,407.78122003
1,outer,106,12.39768265,407.69877375
1,outer,107,15.49576063,407.59277955
1,outer,108,18.59294360,407.46324356
1,outer,109,21.68905268,407.31017325
1,outer,110,24.78390903,407.13357748
1,outer,111,27.87733392,406.93346643
1,outer,112,30.96914865,406.70985166
1,outer,113,34.05917467,406.46274610
1,outer,114,37.14723349,406.19216401
1,outer,115,40.23314675,405.89812102
1,outer,116,43.31673622,405.58063412
1,outer,117,46.39782379,405.23972165
1,outer,118,49.47623151,404.87540328
1,outer,119,52.55178157,404.48770007
1,outer,120,55.62429633,404.07663441
1,outer,121,58.69359833,403.64223005
1,outer,122,61.75951030,403.18451206
1,outer,123,64.82185514,402.70350689
1,outer,124,67.88045600,402.19924233
1,outer,125,70.93513620,401.67174749
1,outer,126,73.98571932,401.12105284
1,outer,127,77.03202915,400.54719020
1,outer,128,80.07388975,399.95019270
1,outer,129,83.11112543,399.33009482
1,outer,130,86.14356076,398.68693239
1,outer,131,89.17102059,398.02074256
1,outer,132,92.19333007,397.33156379
1,outer,133,95.21031462,396.61943589
1,outer,134,98.22180000,395.88440000
1,inner,0,-102.40388125,405.34615000
1,inner,1,-141.26694062,550.38506875
1,inner,2,-141.26804422,550.38924452
1,inner,3,-141.26911938,550.39342770
1,inner,4,-141.27016607,550.39761809
1,inner,5,-141.27118423,550.40181551
1,inner,6,-141.27217382,550.40601975
1,inner,7,-141.27313480,550.41023063
1,inner,8,-141.27406711,550.41444795
1,inner,9,-141.27497072,550.41867151
1,inner,10,-141.27584559,550.42290112
1,inner,11,-141.27669166,550.42713657
1,inner,12,-141.27750891,550.43137769
1,inner,13,-141.27829730,550.43562427
1,inner,14,-141.27905678,550.43987611
1,inner,15,-141.27978733,550.44413302
1,inner,16,-141.28048891,550.44839479
1,inner,17,-141.28116149,550.45266124
1,inner,18,-141.28180504,550.45693217
1,inner,19,-141.28241952,550.46120737
1,inner,20,-141.28300491,550.46548666
1,inner,21,-141.28356119,550.46976983
1,inner,22,-141.28408832,550.47405668
1,inner,23,-141.28458628,550.47834702
1,inner,24,-141.28505505,550.48264064
1,inner,25,-141.28549461,550.48693736
1,inner,26,-141.28590493,550.49123696
1,inner,27,-141.28628600,550.49553926
1,inner,28,-141.28663781,550.49984404
1,inner,29,-141.28696032,550.50415113
1,inner,30,-141.28725354,550.50846030
1,inner,31,-141.28751744,550.51277137
1,inner,32,-141.28775201,550.51708413
1,inner,33,-141.28795725,550.52139840
1,inner,34,-141.28813313,550.52571395
1,inner,35,-141.28827967,550.53003060
1,inner,36,-141.28839684,550.53434815
1,inner,37,-141.28848464,550.53866640
1,inner,38,-141.28854307,550.54298514
1,inner,39,-141.28857213,550.54730419
1,inner,40,-141.28857181,550.55162333
1,inner,41,-141.28854212,550.55594236
1,inner,42,-141.28848305,550.56026110
1,inner,43,-141.28839461,550.56457933
1,inner,44,-141.28827680,550.56889686
1,inner,45,-141.28812963,550.57321350
1,inner,46,-141.28795311,550.57752903
1,inner,47,-141.28774724,550.58184326
1,inner,48,-141.28751203,550.58615599
1,inner,49,-141.28724749,550.59046702
1,inner,50,-141.28695364,550.59477615
1,inner,51,-141.28663049,550.59908318
1,inner,52,-141.28627805,550.60338792
1,inner,53,-141.28589635,550.60769016
1,inner,54,-141.28548539,550.61198970
1,inner,55,-141.28504520,550.61628635
1,inner,56,-141.28457579,550.62057991
1,inner,57,-141.28407720,550.62487017
1,inner,58,-141.28354944,550.62915695
1,inner,59,-141.28299253,550.63344003
1,inner,60,-141.28240651,550.63771923
1,inner,61,-141.28179139,550.64199434
1,inner,62,-141.28114722,550.64626517
1,inner,63,-141.28047401,550.65053153
1,inner,64,-141.27977180,550.65479320
1,inner,65,-141.27904062,550.65905000
1,inner,66,-140.13614062,557.17953125
1,inner,67,-140.13406646,557.19077027
1,inner,68,-140.13179035,557.20197015
1,inner,69,-140.12931304,557.21312724
1,inner,70,-140.12663532,557.22423795
1,inner,71,-140.12375808,557.23529866
1,inner,72,-140.12068223,557.24630579
1,inner,73,-140.11740877,557.25725578
1,inner,74,-140.11393877,557.26814509
1,inner,75,-140.11027335,557.27897018
1,inner,76,-140.10641370,557.28972754
1,inner,77,-140.10236106,557.30041370
1,inner,78,-140.09811676,557.31102519
1,inner,79,-140.09368215,557.32155857
1,inner,80,-140.08905869,557.33201044
1,inner,81,-140.08424787,557.34237740
1,inner,82,-140.07925125,557.35265609
1,inner,83,-140.07407044,557.36284319
1,inner,84,-140.06870712,557.37293540
1,inner,85,-140.06316304,557.38292945
1,inner,86,-140.05743999,557.39282210
1,inner,87,-140.05153981,557.40261015
1,inner,88,-140.04546443,557.41229042
1,inner,89,-140.03921582,557.42185977
1,inner,90,-140.03279598,557.43131512
1,inner,91,-140.02620701,557.44065339
1,inner,92,-140.01945105,557.44987157
1,inner,93,-140.01253026,557.45896666
1,inner,94,-140.00544691,557.46793571
1,inner,95,-139.99820329,557.47677583
1,inner,96,-139.99080173,557.48548415
1,inner,97,-139.98324465,557.49405785
1,inner,98,-139.97553448,557.50249415
1,inner,99,-139.96767372,557.51079032
1,inner,100,-139.95966493,557.51894366
1,inner,101,-139.95151069,557.52695155
1,inner,102,-139.94321365,557.53481138
1,inner,103,-139.93477649,557.54252061
1,inner,104,-139.92620195,557.55007674
1,inner,105,-139.91749281,557.55747733
1,inner,106,-139.90865188,557.56471997
1,inner,107,-139.89968204,557.57180232
1,inner,108,-139.89058618,557.57872209
1,inner,109,-139.88136725,557.58547703
1,inner,110,-139.87202824,557.59206496
1,inner,111,-139.86257218,557.59848374
1,inner,112,-139.85300213,557.60473130
1,inner,113,-139.84332118,557.61080560
1,inner,114,-139.83353248,557.61670468
1,inner,115,-139.82363920,557.62242664
1,inner,116,-139.81364453,557.62796961
1,inner,117,-139.80355172,557.63333180
1,inner,118,-139.79336404,557.63851147
1,inner,119,-139.78308479,557.64350695
1,inner,120,-139.77271730,557.64831662
1,inner,121,-139.76226492,557.65293892
1,inner,122,-139.75173104,557.65737234
1,inner,123,-139.74111908,557.66161547
1,inner,124,-139.73043247,557.66566692
1,inner,125,-139.71967468,557.66952537
1,inner,126,-139.70884918,557.67318959
1,inner,127,-139.69795949,557.67665837
1,inner,128,-139.68700913,557.67993061
1,inner,129,-139.67600165,557.68300523
1,inner,130,-139.66494063,557.68588125
1,inner,131,-135.38430785,558.74049956
1,inner,132,-131.09571363,559.76226097
1,inner,133,-126.79941016,560.75110540
1,inner,134,-122.49565010,561.70697471
1,inner,135,-118.18468654,562.62981267
1,inner,136,-113.86677298,563.51956503
1,inner,137,-109.54216335,564.37617945
1,inner,138,-105.21111195,565.19960557
1,inner,139,-100.87387349,565.98979496
1,inner,140,-96.53070301,566.74670116
1,inner,141,-92.18185593,567.47027964
1,inner,142,-87.82758798,568.16048787
1,inner,143,-83.46815522,568.81728526
1,inner,144,-79.10381402,569.44063317
1,inner,145,-74.73482102,570.03049495
1,inner,146,-70.36143315,570.58683592
1,inner,147,-65.98390758,571.10962336
1,inner,148,-61.60250176,571.59882653
1,inner,149,-57.21747332,572.05441665
1,inner,150,-52.82908013,572.47636694
1,inner,151,-48.43758027,572.86465258
1,inner,152,-44.04323198,573.21925074
1,inner,153,-39.64629367,573.54014056
1,inner,154,-35.24702392,573.82730319
1,inner,155,-30.84568142,574.08072172
1,inner,156,-26.44252500,574.30038126
1,inner,157,-22.03781359,574.48626889
1,inner,158,-17.63180623,574.63837367
1,inner,159,-13.22476200,574.75668667
1,inner,160,-8.81694008,574.84120093
1,inner,161,-4.40859967,574.89191147
1,inner,162,0.00000000,574.90881532
1,inner,163,4.40859967,574.89191147
1,inner,164,8.81694008,574.84120093
1,inner,165,13.22476200,574.75668667
1,inner,166,17.63180623,574.63837367
1,inner,167,22.03781359,574.48626889
1,inner,168,26.44252500,574.30038126
1,inner,169,30.84568142,574.08072172
1,inner,170,35.24702392,573.82730319
1,inner,171,39.64629367,573.54014056
1,inner,172,44.04323198,573.21925074
1,inner,173,48.43758027,572.86465258
1,inner,174,52.82908013,572.47636694
1,inner,175,57.21747332,572.05441665
1,inner,176,61.60250176,571.59882653
1,inner,177,65.98390758,571.10962336
1,inner,178,70.36143315,570.58683592
1,inner,179,74.73482102,570.03049495
1,inner,180,79.10381402,569.44063317
1,inner,181,83.46815522,568.81728526
1,inner,182,87.82758798,568.16048787
1,inner,183,92.18185593,567.47027964
1,inner,184,96.53070301,566.74670116
1,inner,185,100.87387349,565.98979496
1,inner,186,105.21111195,565.19960557
1,inner,187,109.54216335,564.37617945
1,inner,188,113.86677298,563.51956503
1,inner,189,118.18468654,562.62981267
1,inner,190,122.49565010,561.70697471
1,inner,191,126.79941016,560.75110540
1,inner,192,131.09571363,559.76226097
1,inner,193,135.38430785,558.74049956
1,inner,194,139.66494062,557.68588125
1,inner,195,139.67600165,557.68300523
1,inner,196,139.68700913,557.67993061
1,inner,197,139.69795949,557.67665837
1,inner,198,139.70884918,557.67318959
1,inner,199,139.71967468,557.66952537
1,inner,200,139.73043247,557.66566692
1,inner,201,139.74111908,557.66161547
1,inner,202,139.75173104,557.65737234
1,inner,203,139.76226492,557.65293892
1,inner,204,139.77271730,557.64831662
1,inner,205,139.78308479,557.64350695
1,inner,206,139.79336404,557.63851147
1,inner,207,139.80355172,557.63333180
1,inner,208,139.81364453,557.62796961
1,inner,209,139.82363920,557.62242664
1,inner,210,139.83353248,557.61670468
1,inner,211,139.84332118,557.61080560
1,inner,212,139.85300213,557.60473130
1,inner,213,139.86257218,557.59848374
1,inner,214,139.87202824,557.59206496
1,inner,215,139.88136725,557.58547703
1,inner,216,139.89058618,557.57872209
1,inner,217,139.89968204,557.57180232
1,inner,218,139.90865188,557.56471997
1,inner,219,139.91749281,557.55747733
1,inner,220,139.92620195,557.55007674
1,inner,221,139.93477649,557.54252061
1,inner,222,139.94321365,557.53481138
1,inner,223,139.95151069,557.52695155
1,inner,224,139.95966493,557.51894366
1,inner,225,139.96767372,557.51079032
1,inner,226,139.97553448,557.50249415
1,inner,227,139.98324465,557.49405785
1,inner,228,139.99080173,557.48548415
1,inner,229,139.99820329,557.47677583
1,inner,230,140.00544691,557.46793571
1,inner,231,140.01253026,557.45896666
1,inner,232,140.01945105,557.44987157
1,inner,233,140.02620701,557.44065339
1,inner,234,140.03279598,557.43131512
1,inner,235,140.03921582,557.42185977
1,inner,236,140.04546443,557.41229042
1,inner,237,140.05153981,557.40261015
1,inner,238,140.05743999,557.39282210
1,inner,239,140.06316304,557.38292945
1,inner,240,140.06870712,557.37293540
1,inner,241,140.07407044,557.36284319
1,inner,242,140.07925125,557.35265609
1,inner,243,140.08424787,557.34237740
1,inner,244,140.08905869,557.33201044
1,inner,245,140.09368215,557.32155857
1,inner,246,140.09811676,557.31102519
1,inner,247,140.10236106,557.30041370
1,inner,248,140.10641370,557.28972754
1,inner,249,140.11027335,557.27897018
1,inner,250,140.11393877,557.26814509
1,inner,251,140.11740877,557.25725578
1,inner,252,140.12068223,557.24630579
1,inner,253,140.12375808,557.23529866
1,inner,254,140.12663532,557.22423795
1,inner,255,140.12931304,557.21312724
1,inner,256,140.13179035,557.20197015
1,inner,257,140.13406646,557.19077027
1,inner,258,140.13614062,557.17953125
1,inner,259,141.96470000,546.74723125
1,inner,260,141.96543118,546.74297445
1,inner,261,141.96613339,546.73871278
1,inner,262,141.96680659,546.73444642
1,inner,263,141.96745077,546.73017559
1,inner,264,141.96806588,546.72590048
1,inner,265,141.96865191,546.72162128
1,inner,266,141.96920881,546.71733820
1,inner,267,141.96973657,546.71305142
1,inner,268,141.97023517,546.70876116
1,inner,269,141.97070457,546.70446760
1,inner,270,141.97114476,546.70017095
1,inner,271,141.97155572,546.69587141
1,inner,272,141.97193743,546.69156917
1,inner,273,141.97228986,546.68726443
1,inner,274,141.97261302,546.68295740
1,inner,275,141.97290687,546.67864827
1,inner,276,141.97317140,546.67433724
1,inner,277,141.97340661,546.67002451
1,inner,278,141.97361248,546.66571028
1,inner,279,141.97378901,546.66139475
1,inner,280,141.97393618,546.65707811
1,inner,281,141.97405398,546.65276058
1,inner,282,141.97414242,546.64844235
1,inner,283,141.97420149,546.64412361
1,inner,284,141.97423119,546.63980458
1,inner,285,141.97423150,546.63548544
1,inner,286,141.97420245,546.63116639
1,inner,287,141.97414402,546.62684765
1,inner,288,141.97405621,546.62252940
1,inner,289,141.97393904,546.61821185
1,inner,290,141.97379251,546.61389520
1,inner,291,141.97361662,546.60957965
1,inner,292,141.97341138,546.60526538
1,inner,293,141.97317681,546.60095262
1,inner,294,141.97291291,546.59664155
1,inner,295,141.97261970,546.59233238
1,inner,296,141.97229718,546.58802529
1,inner,297,141.97194538,546.58372051
1,inner,298,141.97156431,546.57941821
1,inner,299,141.97115398,546.57511861
1,inner,300,141.97071442,546.57082189
1,inner,301,141.97024565,546.56652827
1,inner,302,141.96974769,546.56223793
1,inner,303,141.96922056,546.55795108
1,inner,304,141.96866429,546.55366791
1,inner,305,141.96807890,546.54938862
1,inner,306,141.96746441,546.54511342
1,inner,307,141.96682087,546.54084249
1,inner,308,141.96614829,546.53657604
1,inner,309,141.96544671,546.53231427
1,inner,310,141.96471616,546.52805736
1,inner,311,141.96395667,546.52380552
1,inner,312,141.96316829,546.51955894
1,inner,313,141.96235104,546.51531782
1,inner,314,141.96150496,546.51108237
1,inner,315,141.96063010,546.50685276
1,inner,316,141.95972649,546.50262920
1,inner,317,141.95879417,546.49841188
1,inner,318,141.95783320,546.49420100
1,inner,319,141.95684361,546.48999676
1,inner,320,141.95582544,546.48579934
1,inner,321,141.95477875,546.48160895
1,inner,322,141.95370359,546.47742577
1,inner,323,141.95260000,546.47325000
1,inner,324,104.96266875,408.42495938
1,inner,325,104.96154637,408.42082665
1,inner,326,104.96039614,408.41670158
1,inner,327,104.95921811,408.41258437
1,inner,328,104.95801235,408.40847519
1,inner,329,104.95677890,408.40437424
1,inner,330,104.95551782,408.40028170
1,inner,331,104.95422918,408.39619776
1,inner,332,104.95291302,408.39212260
1,inner,333,104.95156940,408.38805641
1,inner,334,104.95019840,408.38399938
1,inner,335,104.94880006,408.37995168
1,inner,336,104.94737446,408.37591351
1,inner,337,104.94592166,408.37188504
1,inner,338,104.94444172,408.36786646
1,inner,339,104.94293471,408.36385796
1,inner,340,104.94140071,408.35985970
1,inner,341,104.93983978,408.35587189
1,inner,342,104.93825198,408.35189469
1,inner,343,104.93663741,408.34792829
1,inner,344,104.93499612,408.34397287
1,inner,345,104.93332819,408.34002861
1,inner,346,104.93163370,408.33609568
1,inner,347,104.92991272,408.33217428
1,inner,348,104.92816534,408.32826456
1,inner,349,104.92639163,408.32436673
1,inner,350,104.92459167,408.32048094
1,inner,351,104.92276555,408.31660738
1,inner,352,104.92091334,408.31274622
1,inner,353,104.91903514,408.30889764
1,inner,354,104.91713103,408.30506182
1,inner,355,104.91520109,408.30123893
1,inner,356,104.91324541,408.29742913
1,inner,357,104.91126409,408.29363262
1,inner,358,104.90925720,408.28984955
1,inner,359,104.90722485,408.28608010
1,inner,360,104.90516712,408.28232445
1,inner,361,104.90308411,408.27858275
1,inner,362,104.90097592,408.27485519
1,inner,363,104.89884263,408.27114193
1,inner,364,104.89668435,408.26744315
1,inner,365,104.89450118,408.26375900
1,inner,366,104.89229321,408.26008966
1,inner,367,104.89006054,408.25643530
1,inner,368,104.88780328,408.25279607
1,inner,369,104.88552153,408.24917215
1,inner,370,104.88321539,408.24556370
1,inner,371,104.88088496,408.24197089
1,inner,372,104.87853036,408.23839387
1,inner,373,104.87615169,408.23483282
1,inner,374,104.87374906,408.23128788
1,inner,375,104.87132257,408.22775923
1,inner,376,104.86887235,408.22424703
1,inner,377,104.86639849,408.22075143
1,inner,378,104.86390111,408.21727259
1,inner,379,104.86138033,408.21381068
1,inner,380,104.85883626,408.21036584
1,inner,381,104.85626902,408.20693824
1,inner,382,104.85367872,408.20352803
1,inner,383,104.85106548,408.20013537
1,inner,384,104.84842942,408.19676041
1,inner,385,104.84577065,408.19340330
1,inner,386,104.84308931,408.19006420
1,inner,387,104.84038551,408.18674326
1,inner,388,104.83765938,408.18344063
1,inner,389,97.97721875,399.92875938
1,inner,390,97.97006611,399.92030361
1,inner,391,97.96276708,399.91197389
1,inner,392,97.95532388,399.90377274
1,inner,393,97.94773877,399.89570265
1,inner,394,97.94001406,399.88776609
1,inner,395,97.93215209,399.87996547
1,inner,396,97.92415527,399.87230316
1,inner,397,97.91602603,399.86478149
1,inner,398,97.90776683,399.85740275
1,inner,399,97.89938019,399.85016919
1,inner,400,97.89086866,399.84308300
1,inner,401,97.88223483,399.83614634
1,inner,402,97.87348134,399.82936133
1,inner,403,97.86461083,399.82273002
1,inner,404,97.85562601,399.81625444
1,inner,405,97.84652961,399.80993655
1,inner,406,97.83732441,399.80377827
1,inner,407,97.82801319,399.79778149
1,inner,408,97.81859880,399.79194802
1,inner,409,97.80908410,399.78627963
1,inner,410,97.79947197,399.78077806
1,inner,411,97.78976536,399.77544498
1,inner,412,97.77996720,399.77028201
1,inner,413,97.77008049,399.76529071
1,inner,414,97.76010822,399.76047262
1,inner,415,97.75005343,399.75582918
1,inner,416,97.73991919,399.75136183
1,inner,417,97.72970857,399.74707191
1,inner,418,97.71942468,399.74296073
1,inner,419,97.70907065,399.73902955
1,inner,420,97.69864963,399.73527955
1,inner,421,97.68816479,399.73171188
1,inner,422,97.67761932,399.72832763
1,inner,423,97.66701642,399.72512781
1,inner,424,97.65635933,399.72211342
1,inner,425,97.64565129,399.71928536
1,inner,426,97.63489555,399.71664449
1,inner,427,97.62409538,399.71419163
1,inner,428,97.61325407,399.71192750
1,inner,429,97.60237493,399.70985281
1,inner,430,97.59146125,399.70796818
1,inner,431,97.58051636,399.70627420
1,inner,432,97.56954360,399.70477136
1,inner,433,97.55854628,399.70346013
1,inner,434,97.54752778,399.70234092
1,inner,435,97.53649142,399.70141405
1,inner,436,97.52544058,399.70067982
1,inner,437,97.51437862,399.70013843
1,inner,438,97.50330890,399.69979007
1,inner,439,97.49223478,399.69963484
1,inner,440,97.48115964,399.69967278
1,inner,441,97.47008685,399.69990387
1,inner,442,97.45901977,399.70032806
1,inner,443,97.44796177,399.70094522
1,inner,444,97.43691622,399.70175514
1,inner,445,97.42588648,399.70275759
1,inner,446,97.41487590,399.70395227
1,inner,447,97.40388783,399.70533881
1,inner,448,97.39292561,399.70691678
1,inner,449,97.38199259,399.70868571
1,inner,450,97.37109208,399.71064506
1,inner,451,97.36022740,399.71279423
1,inner,452,97.34940186,399.71513257
1,inner,453,97.33861875,399.71765937
1,inner,454,94.35216839,400.43305364
1,inner,455,91.36046155,401.12613728
1,inner,456,88.36366492,401.79687170
1,inner,457,85.36194544,402.44521953
1,inner,458,82.35547035,403.07114464
1,inner,459,79.34440713,403.67461216
1,inner,460,76.32892355,404.25558848
1,inner,461,73.30918759,404.81404122
1,inner,462,70.28536749,405.34993928
1,inner,463,67.25763171,405.86325280
1,inner,464,64.22614893,406.35395318
1,inner,465,61.19108803,406.82201308
1,inner,466,58.15261811,407.26740644
1,inner,467,55.11090843,407.69010843
1,inner,468,52.06612846,408.09009550
1,inner,469,49.01844783,408.46734538
1,inner,470,45.96803632,408.82183704
1,inner,471,42.91506387,409.15355074
1,inner,472,39.85970058,409.46246799
1,inner,473,36.80211665,409.74857159
1,inner,474,33.74248244,410.01184560
1,inner,475,30.68096839,410.25227534
1,inner,476,27.61774507,410.46984743
1,inner,477,24.55298313,410.66454974
1,inner,478,21.48685332,410.83637143
1,inner,479,18.41952645,410.98530292
1,inner,480,15.35117341,411.11133592
1,inner,481,12.28196513,411.21446341
1,inner,482,9.21207261,411.29467963
1,inner,483,6.14166687,411.35198013
1,inner,484,3.07091898,411.38636170
1,inner,485,0.00000000,411.39782244
1,inner,486,-3.07091898,411.38636170
1,inner,487,-6.14166687,411.35198013
1,inner,488,-9.21207261,411.29467963
1,inner,489,-12.28196513,411.21446341
1,inner,490,-15.35117341,411.11133592
1,inner,491,-18.41952645,410.98530292
1,inner,492,-21.48685332,410.83637143
1,inner,493,-24.55298313,410.66454974
1,inner,494,-27.61774507,410.46984743
1,inner,495,-30.68096839,410.25227534
1,inner,496,-33.74248244,410.01184560
1,inner,497,-36.80211665,409.74857159
1,inner,498,-39.85970058,409.46246799
1,inner,499,-42.91506387,409.15355074
1,inner,500,-45.96803632,408.82183704
1,inner,501,-49.01844783,408.46734538
1,inner,502,-52.06612846,408.09009550
1,inner,503,-55.11090843,407.69010843
1,inner,504,-58.15261811,407.26740644
1,inner,505,-61.19108803,406.82201308
1,inner,506,-64.22614893,406.35395318
1,inner,507,-67.25763171,405.86325280
1,inner,508,-70.28536749,405.34993928
1,inner,509,-73.30918759,404.81404122
1,inner,510,-76.32892355,404.25558848
1,inner,511,-79.34440713,403.67461216
1,inner,512,-82.35547035,403.07114464
1,inner,513,-85.36194544,402.44521953
1,inner,514,-88.36366492,401.79687170
1,inner,515,-91.36046155,401.12613728
1,inner,516,-94.35216839,400.43305364
1,inner,517,-97.33861875,399.71765938
1,inner,518,-97.34940186,399.71513257
1,inner,519,-97.36022740,399.71279423
1,inner,520,-97.37109208,399.71064506
1,inner,521,-97.38199259,399.70868571
1,inner,522,-97.39292561,399.70691678
1,inner,523,-97.40388783,399.70533881
1,inner,524,-97.41487590,399.70395227
1,inner,525,-97.42588648,399.70275759
1,inner,526,-97.43691622,399.70175514
1,inner,527,-97.44796177,399.70094522
1,inner,528,-97.45901977,399.70032806
1,inner,529,-97.47008685,399.69990387
1,inner,530,-97.48115964,399.69967278
1,inner,531,-97.49223478,399.69963484
1,inner,532,-97.50330890,399.69979007
1,inner,533,-97.51437862,399.70013843
1,inner,534,-97.52544058,399.70067982
1,inner,535,-97.53649142,399.70141405
1,inner,536,-97.54752778,399.70234092
1,inner,537,-97.55854628,399.70346013
1,inner,538,-97.56954360,399.70477136
1,inner,539,-97.58051636,399.70627420
1,inner,540,-97.59146125,399.70796818
1,inner,541,-97.60237493,399.70985281
1,inner,542,-97.61325407,399.71192750
1,inner,543,-97.62409538,399.71419163
1,inner,544,-97.63489555,399.71664449
1,inner,545,-97.64565129,399.71928536
1,inner,546,-97.65635933,399.72211342
1,inner,547,-97.66701642,399.72512781
1,inner,548,-97.67761932,399.72832763
1,inner,549,-97.68816479,399.73171188
1,inner,550,-97.69864963,399.73527955
1,inner,551,-97.70907065,399.73902955
1,inner,552,-97.71942468,399.74296073
1,inner,553,-97.72970857,399.74707191
1,inner,554,-97.73991919,399.75136183
1,inner,555,-97.75005343,399.75582918
1,inner,556,-97.76010822,399.76047262
1,inner,557,-97.77008049,399.76529071
1,inner,558,-97.77996720,399.77028201
1,inner,559,-97.78976536,399.77544498
1,inner,560,-97.79947197,399.78077806
1,inner,561,-97.80908410,399.78627963
1,inner,562,-97.81859880,399.79194802
1,inner,563,-97.82801319,399.79778149
1,inner,564,-97.83732441,399.80377827
1,inner,565,-97.84652961,399.80993655
1,inner,566,-97.85562601,399.81625444
1,inner,567,-97.86461083,399.82273002
1,inner,568,-97.87348134,399.82936133
1,inner,569,-97.88223483,399.83614634
1,inner,570,-97.89086866,399.84308300
1,inner,571,-97.89938019,399.85016919
1,inner,572,-97.90776683,399.85740275
1,inner,573,-97.91602603,399.86478149
1,inner,574,-97.92415527,399.87230316
1,inner,575,-97.93215209,399.87996547
1,inner,576,-97.94001406,399.88776609
1,inner,577,-97.94773877,399.89570265
1,inner,578,-97.95532388,399.90377274
1,inner,579,-97.96276708,399.91197389
1,inner,580,-97.97006611,399.92030361
1,inner,581,-97.97721875,399.92875938
1,inner,582,-102.27888125,405.10463125
1,inner,583,-102.28160724,405.10793391
1,inner,584,-102.28431090,405.11125488
1,inner,585,-102.28699209,405.11459401
1,inner,586,-102.28965071,405.11795115
1,inner,587,-102.29228663,405.12132614
1,inner,588,-102.29489973,405.12471883
1,inner,589,-102.29748988,405.12812906
1,inner,590,-102.30005698,405.13155669
1,inner,591,-102.30260090,405.13500155
1,inner,592,-102.30512154,405.13846349
1,inner,593,-102.30761877,405.14194234
1,inner,594,-102.31009248,405.14543796
1,inner,595,-102.31254256,405.14895019
1,inner,596,-102.31496890,405.15247885
1,inner,597,-102.31737138,405.15602380
1,inner,598,-102.31974991,405.15958488
1,inner,599,-102.32210436,405.16316191
1,inner,600,-102.32443464,405.16675474
1,inner,601,-102.32674063,405.17036320
1,inner,602,-102.32902224,405.17398713
1,inner,603,-102.33127935,405.17762637
1,inner,604,-102.33351187,405.18128074
1,inner,605,-102.33571969,405.18495009
1,inner,606,-102.33790272,405.18863425
1,inner,607,-102.34006085,405.19233304
1,inner,608,-102.34219399,405.19604631
1,inner,609,-102.34430204,405.19977387
1,inner,610,-102.34638490,405.20351557
1,inner,611,-102.34844248,405.20727123
1,inner,612,-102.35047468,405.21104068
1,inner,613,-102.35248142,405.21482375
1,inner,614,-102.35446260,405.21862027
1,inner,615,-102.35641813,405.22243006
1,inner,616,-102.35834792,405.22625295
1,inner,617,-102.36025189,405.23008877
1,inner,618,-102.36212994,405.23393735
1,inner,619,-102.36398200,405.23779850
1,inner,620,-102.36580797,405.24167205
1,inner,621,-102.36760778,405.24555783
1,inner,622,-102.36938134,405.24945566
1,inner,623,-102.37112858,405.25336537
1,inner,624,-102.37284941,405.25728677
1,inner,625,-102.37454375,405.26121968
1,inner,626,-102.37621153,405.26516393
1,inner,627,-102.37785268,405.26911934
1,inner,628,-102.37946711,405.27308572
1,inner,629,-102.38105475,405.27706291
1,inner,630,-102.38261554,405.28105071
1,inner,631,-102.38414940,405.28504894
1,inner,632,-102.38565626,405.28905743
1,inner,633,-102.38713605,405.29307599
1,inner,634,-102.38858870,405.29710444
1,inner,635,-102.39001416,405.30114260
1,inner,636,-102.39141235,405.30519027
1,inner,637,-102.39278321,405.30924728
1,inner,638,-102.39412668,405.31331345
1,inner,639,-102.39544269,405.31738858
1,inner,640,-102.39673119,405.32147250
1,inner,641,-102.39799212,405.32556501
1,inner,642,-102.39922543,405.32966594
1,inner,643,-102.40043105,405.33377508
1,inner,644,-102.40160892,405.33789227
1,inner,645,-102.40275901,405.34201730
1,inner,646,-102.40388125,405.34615000
2,outer,0,142.79140938,562.18370000
2,outer,1,151.07873125,567.00850938
2,outer,2,196.21259062,735.45035937
2,outer,3,195.08919062,737.39140000
2,outer,4,189.12289892,738.94411034
2,outer,5,183.14425241,740.44854778
2,outer,6,177.15364166,741.90461405
2,outer,7,171.15145803,743.31221403
2,outer,8,165.13809360,744.67125576
2,outer,9,159.11394123,745.98165046
2,outer,10,153.07939444,747.24331252
2,outer,11,147.03484746,748.45615954
2,outer,12,140.98069515,749.62011227
2,outer,13,134.91733302,750.73509467
2,outer,14,128.84515716,751.80103392
2,outer,15,122.76456426,752.81786037
2,outer,16,116.67595153,753.78550760
2,outer,17,110.57971673,754.70391239
2,outer,18,104.47625811,755.57301476
2,outer,19,98.36597438,756.39275791
2,outer,20,92.24926471,757.16308831
2,outer,21,86.12652868,757.88395563
2,outer,22,79.99816628,758.55531277
2,outer,23,73.86457786,759.17711588
2,outer,24,67.72616409,759.74932434
2,outer,25,61.58332598,760.27190077
2,outer,26,55.43646484,760.74481103
2,outer,27,49.28598220,761.16802423
2,outer,28,43.13227986,761.54151271
2,outer,29,36.97575982,761.86525208
2,outer,30,30.81682428,762.13922120
2,outer,31,24.65587557,762.36340216
2,outer,32,18.49331617,762.53778031
2,outer,33,12.32954866,762.66234428
2,outer,34,6.16497570,762.73708591
2,outer,35,0.00000000,762.76200033
2,outer,36,-6.16497570,762.73708591
2,outer,37,-12.32954866,762.66234428
2,outer,38,-18.49331617,762.53778031
2,outer,39,-24.65587557,762.36340216
2,outer,40,-30.81682428,762.13922120
2,outer,41,-36.97575982,761.86525208
2,outer,42,-43.13227986,761.54151271
2,outer,43,-49.28598220,761.16802423
2,outer,44,-55.43646484,760.74481103
2,outer,45,-61.58332598,760.27190077
2,outer,46,-67.72616409,759.74932434
2,outer,47,-73.86457786,759.17711588
2,outer,48,-79.99816628,758.55531277
2,outer,49,-86.12652868,757.88395563
2,outer,50,-92.24926471,757.16308831
2,outer,51,-98.36597438,756.39275791
2,outer,52,-104.47625811,755.57301476
2,outer,53,-110.57971673,754.70391239
2,outer,54,-116.67595153,753.78550760
2,outer,55,-122.76456426,752.81786037
2,outer,56,-128.84515716,751.80103392
2,outer,57,-134.91733302,750.73509467
2,outer,58,-140.98069515,749.62011227
2,outer,59,-147.03484746,748.45615954
2,outer,60,-153.07939444,747.24331252
2,outer,61,-159.11394123,745.98165046
2,outer,62,-165.13809360,744.67125576
2,outer,63,-171.15145803,743.31221403
2,outer,64,-177.15364166,741.90461405
2,outer,65,-183.14425241,740.44854778
2,outer,66,-189.12289892,738.94411034
2,outer,67,-195.08919062,737.39140000
2,outer,68,-196.21259062,735.45035937
2,outer,69,-151.07873125,567.00850938
2,outer,70,-142.79140938,562.18370000
2,outer,71,-138.41729656,563.27650634
2,outer,72,-134.03482246,564.33528367
2,outer,73,-129.64425181,565.35996804
2,outer,74,-125.24584984,566.35049754
2,outer,75,-120.83988222,567.30681234
2,outer,76,-116.42661511,568.22885468
2,outer,77,-112.00631510,569.11656885
2,outer,78,-107.57924920,569.96990124
2,outer,79,-103.14568483,570.78880030
2,outer,80,-98.70588982,571.57321655
2,outer,81,-94.26013234,572.32310263
2,outer,82,-89.80868096,573.03841322
2,outer,83,-85.35180457,573.71910512
2,outer,84,-80.88977239,574.36513722
2,outer,85,-76.42285395,574.97647048
2,outer,86,-71.95131910,575.55306798
2,outer,87,-67.47543793,576.09489489
2,outer,88,-62.99548082,576.60191848
2,outer,89,-58.51171838,577.07410812
2,outer,90,-54.02442146,577.51143529
2,outer,91,-49.53386113,577.91387357
2,outer,92,-45.04030865,578.28139865
2,outer,93,-40.54403544,578.61398833
2,outer,94,-36.04531312,578.91162252
2,outer,95,-31.54441343,579.17428324
2,outer,96,-27.04160826,579.40195463
2,outer,97,-22.53716961,579.59462293
2,outer,98,-18.03136957,579.75227650
2,outer,99,-13.52448032,579.87490582
2,outer,100,-9.01677411,579.96250348
2,outer,101,-4.50852323,580.01506420
2,outer,102,0.00000000,580.03258479
2,outer,103,4.50852323,580.01506420
2,outer,104,9.01677411,579.96250348
2,outer,105,13.52448032,579.87490582
2,outer,106,18.03136957,579.75227650
2,outer,107,22.53716961,579.59462293
2,outer,108,27.04160826,579.40195463
2,outer,109,31.54441343,579.17428324
2,outer,110,36.04531312,578.91162252
2,outer,111,40.54403544,578.61398833
2,outer,112,45.04030865,578.28139865
2,outer,113,49.53386113,577.91387357
2,outer,114,54.02442146,577.51143529
2,outer,115,58.51171838,577.07410812
2,outer,116,62.99548082,576.60191848
2,outer,117,67.47543793,576.09489489
2,outer,118,71.95131910,575.55306798
2,outer,119,76.42285395,574.97647048
2,outer,120,80.88977239,574.36513722
2,outer,121,85.35180457,573.71910512
2,outer,122,89.80868096,573.03841322
2,outer,123,94.26013234,572.32310263
2,outer,124,98.70588982,571.57321655
2,outer,125,103.14568483,570.78880030
2,outer,126,107.57924920,569.96990124
2,outer,127,112.00631510,569.11656885
2,outer,128,116.42661511,568.22885468
2,outer,129,120.83988222,567.30681234
2,outer,130,125.24584984,566.35049754
2,outer,131,129.64425181,565.35996804
2,outer,132,134.03482246,564.33528367
2,outer,133,138.41729656,563.27650634
2,outer,134,142.79140938,562.18370000
2,inner,0,-189.43793125,731.12756875
2,inner,1,-146.57755000,571.17044062
2,inner,2,-146.57642609,571.16630159
2,inner,3,-146.57527424,571.16217024
2,inner,4,-146.57409451,571.15804677
2,inner,5,-146.57288695,571.15393136
2,inner,6,-146.57165163,571.14982420
2,inner,7,-146.57038859,571.14572548
2,inner,8,-146.56909789,571.14163538
2,inner,9,-146.56777959,571.13755410
2,inner,10,-146.56643375,571.13348181
2,inner,11,-146.56506043,571.12941871
2,inner,12,-146.56365971,571.12536497
2,inner,13,-146.56223163,571.12132080
2,inner,14,-146.56077626,571.11728636
2,inner,15,-146.55929368,571.11326184
2,inner,16,-146.55778394,571.10924743
2,inner,17,-146.55624712,571.10524331
2,inner,18,-146.55468329,571.10124966
2,inner,19,-146.55309252,571.09726667
2,inner,20,-146.55147488,571.09329451
2,inner,21,-146.54983044,571.08933337
2,inner,22,-146.54815929,571.08538343
2,inner,23,-146.54646149,571.08144487
2,inner,24,-146.54473713,571.07751786
2,inner,25,-146.54298627,571.07360260
2,inner,26,-146.54120901,571.06969925
2,inner,27,-146.53940543,571.06580799
2,inner,28,-146.53757560,571.06192901
2,inner,29,-146.53571961,571.05806247
2,inner,30,-146.53383755,571.05420856
2,inner,31,-146.53192949,571.05036745
2,inner,32,-146.52999553,571.04653932
2,inner,33,-146.52803576,571.04272434
2,inner,34,-146.52605026,571.03892268
2,inner,35,-146.52403913,571.03513452
2,inner,36,-146.52200245,571.03136004
2,inner,37,-146.51994033,571.02759939
2,inner,38,-146.51785285,571.02385277
2,inner,39,-146.51574011,571.02012033
2,inner,40,-146.51360220,571.01640224
2,inner,41,-146.51143923,571.01269868
2,inner,42,-146.50925129,571.00900982
2,inner,43,-146.50703848,571.00533582
2,inner,44,-146.50480091,571.00167685
2,inner,45,-146.50253867,570.99803308
2,inner,46,-146.50025186,570.99440468
2,inner,47,-146.49794060,570.99079180
2,inner,48,-146.49560499,570.98719462
2,inner,49,-146.49324514,570.98361330
2,inner,50,-146.49086114,570.98004800
2,inner,51,-146.48845312,570.97649888
2,inner,52,-146.48602118,570.97296611
2,inner,53,-146.48356543,570.96944985
2,inner,54,-146.48108598,570.96595026
2,inner,55,-146.47858295,570.96246750
2,inner,56,-146.47605645,570.95900172
2,inner,57,-146.47350660,570.95555309
2,inner,58,-146.47093351,570.95212177
2,inner,59,-146.46833730,570.94870790
2,inner,60,-146.46571809,570.94531164
2,inner,61,-146.46307600,570.94193316
2,inner,62,-146.46041115,570.93857260
2,inner,63,-146.45772366,570.93523012
2,inner,64,-146.45501365,570.93190587
2,inner,65,-146.45228125,570.92860000
2,inner,66,-142.54114062,566.22871875
2,inner,67,-142.53394279,566.22022172
2,inner,68,-142.52659705,566.21185222
2,inner,69,-142.51910567,566.20361283
2,inner,70,-142.51147095,566.19550609
2,inner,71,-142.50369523,566.18753448
2,inner,72,-142.49578091,566.17970045
2,inner,73,-142.48773042,566.17200643
2,inner,74,-142.47954624,566.16445477
2,inner,75,-142.47123089,566.15704780
2,inner,76,-142.46278691,566.14978779
2,inner,77,-142.45421692,566.14267698
2,inner,78,-142.44552355,566.13571756
2,inner,79,-142.43670947,566.12891166
2,inner,80,-142.42777738,566.12226137
2,inner,81,-142.41873005,566.11576876
2,inner,82,-142.40957024,566.10943580
2,inner,83,-142.40030079,566.10326445
2,inner,84,-142.39092453,566.09725661
2,inner,85,-142.38144435,566.09141413
2,inner,86,-142.37186318,566.08573879
2,inner,87,-142.36218395,566.08023236
2,inner,88,-142.35240964,566.07489651
2,inner,89,-142.34254326,566.06973290
2,inner,90,-142.33258784,566.06474310
2,inner,91,-142.32254645,566.05992866
2,inner,92,-142.31242217,566.05529106
2,inner,93,-142.30221812,566.05083172
2,inner,94,-142.29193744,566.04655201
2,inner,95,-142.28158329,566.04245325
2,inner,96,-142.27115884,566.03853670
2,inner,97,-142.26066732,566.03480357
2,inner,98,-142.25011194,566.03125500
2,inner,99,-142.23949595,566.02789209
2,inner,100,-142.22882263,566.02471586
2,inner,101,-142.21809524,566.02172730
2,inner,102,-142.20731709,566.01892732
2,inner,103,-142.19649149,566.01631680
2,inner,104,-142.18562178,566.01389652
2,inner,105,-142.17471130,566.01166723
2,inner,106,-142.16376340,566.00962962
2,inner,107,-142.15278145,566.00778432
2,inner,108,-142.14176883,566.00613190
2,inner,109,-142.13072892,566.00467285
2,inner,110,-142.11966513,566.00340763
2,inner,111,-142.10858084,566.00233664
2,inner,112,-142.09747948,566.00146019
2,inner,113,-142.08636446,566.00077856
2,inner,114,-142.07523919,566.00029197
2,inner,115,-142.06410710,566.00000054
2,inner,116,-142.05297161,565.99990439
2,inner,117,-142.04183615,566.00000353
2,inner,118,-142.03070414,566.00029794
2,inner,119,-142.01957900,566.00078753
2,inner,120,-142.00846416,566.00147214
2,inner,121,-141.99736304,566.00235156
2,inner,122,-141.98627904,566.00342554
2,inner,123,-141.97521559,566.00469372
2,inner,124,-141.96417607,566.00615573
2,inner,125,-141.95316389,566.00781111
2,inner,126,-141.94218244,566.00965936
2,inner,127,-141.93123509,566.01169990
2,inner,128,-141.92032520,566.01393212
2,inner,129,-141.90945614,566.01635532
2,inner,130,-141.89863125,566.01896875
2,inner,131,-137.54972016,567.09159762
2,inner,132,-133.19270302,568.13080983
2,inner,133,-128.82783659,569.13654414
2,inner,134,-124.45537812,570.10874128
2,inner,135,-120.07558527,571.04734396
2,inner,136,-115.68871616,571.95229686
2,inner,137,-111.29502930,572.82354666
2,inner,138,-106.89478363,573.66104200
2,inner,139,-102.48823847,574.46473353
2,inner,140,-98.07565349,575.23457390
2,inner,141,-93.65728874,575.97051772
2,inner,142,-89.23340460,576.67252164
2,inner,143,-84.80426177,577.34054428
2,inner,144,-80.37012129,577.97454627
2,inner,145,-75.93124445,578.57449026
2,inner,146,-71.48789284,579.14034088
2,inner,147,-67.04032833,579.67206478
2,inner,148,-62.58881302,580.16963065
2,inner,149,-58.13360924,580.63300914
2,inner,150,-53.67497953,581.06217295
2,inner,151,-49.21318667,581.45709679
2,inner,152,-44.74849359,581.81775740
2,inner,153,-40.28116340,582.14413350
2,inner,154,-35.81145937,582.43620588
2,inner,155,-31.33964491,582.69395731
2,inner,156,-26.86598355,582.91737261
2,inner,157,-22.39073892,583.10643862
2,inner,158,-17.91417478,583.26114418
2,inner,159,-13.43655491,583.38148018
2,inner,160,-8.95814321,583.46743953
2,inner,161,-4.47920359,583.51901717
2,inner,162,0.00000000,583.53621006
2,inner,163,4.47920359,583.51901717
2,inner,164,8.95814321,583.46743953
2,inner,165,13.43655491,583.38148018
2,inner,166,17.91417478,583.26114418
2,inner,167,22.39073892,583.10643862
2,inner,168,26.86598355,582.91737261
2,inner,169,31.33964491,582.69395731
2,inner,170,35.81145937,582.43620588
2,inner,171,40.28116340,582.14413350
2,inner,172,44.74849359,581.81775740
2,inner,173,49.21318667,581.45709679
2,inner,174,53.67497953,581.06217295
2,inner,175,58.13360924,580.63300914
2,inner,176,62.58881302,580.16963065
2,inner,177,67.04032833,579.67206478
2,inner,178,71.48789284,579.14034088
2,inner,179,75.93124445,578.57449026
2,inner,180,80.37012129,577.97454627
2,inner,181,84.80426177,577.34054428
2,inner,182,89.23340460,576.67252164
2,inner,183,93.65728874,575.97051772
2,inner,184,98.07565349,575.23457390
2,inner,185,102.48823847,574.46473353
2,inner,186,106.89478363,573.66104200
2,inner,187,111.29502930,572.82354666
2,inner,188,115.68871616,571.95229686
2,inner,189,120.07558527,571.04734396
2,inner,190,124.45537812,570.10874128
2,inner,191,128.82783659,569.13654414
2,inner,192,133.19270302,568.13080983
2,inner,193,137.54972016,567.09159762
2,inner,194,141.89863125,566.01896875
2,inner,195,141.90945614,566.01635532
2,inner,196,141.92032520,566.01393212
2,inner,197,141.93123509,566.01169990
2,inner,198,141.94218244,566.00965936
2,inner,199,141.95316389,566.00781111
2,inner,200,141.96417607,566.00615573
2,inner,201,141.97521559,566.00469372
2,inner,202,141.98627904,566.00342554
2,inner,203,141.99736304,566.00235156
2,inner,204,142.00846416,566.00147214
2,inner,205,142.01957900,566.00078753
2,inner,206,142.03070414,566.00029794
2,inner,207,142.04183615,566.00000353
2,inner,208,142.05297161,565.99990439
2,inner,209,142.06410710,566.00000054
2,inner,210,142.07523919,566.00029197
2,inner,211,142.08636446,566.00077856
2,inner,212,142.09747948,566.00146019
2,inner,213,142.10858084,566.00233664
2,inner,214,142.11966513,566.00340763
2,inner,215,142.13072892,566.00467285
2,inner,216,142.14176883,566.00613190
2,inner,217,142.15278145,566.00778432
2,inner,218,142.16376340,566.00962962
2,inner,219,142.17471130,566.01166723
2,inner,220,142.18562178,566.01389652
2,inner,221,142.19649149,566.01631680
2,inner,222,142.20731709,566.01892732
2,inner,223,142.21809524,566.02172730
2,inner,224,142.22882263,566.02471586
2,inner,225,142.23949595,566.02789209
2,inner,226,142.25011194,566.03125500
2,inner,227,142.26066732,566.03480357
2,inner,228,142.27115884,566.03853670
2,inner,229,142.28158329,566.04245325
2,inner,230,142.29193744,566.04655201
2,inner,231,142.30221812,566.05083172
2,inner,232,142.31242217,566.05529106
2,inner,233,142.32254645,566.05992866
2,inner,234,142.33258784,566.06474310
2,inner,235,142.34254326,566.06973290
2,inner,236,142.35240964,566.07489651
2,inner,237,142.36218395,566.08023236
2,inner,238,142.37186318,566.08573879
2,inner,239,142.38144435,566.09141413
2,inner,240,142.39092453,566.09725661
2,inner,241,142.40030079,566.10326445
2,inner,242,142.40957024,566.10943580
2,inner,243,142.41873005,566.11576876
2,inner,244,142.42777738,566.12226137
2,inner,245,142.43670947,566.12891166
2,inner,246,142.44552355,566.13571756
2,inner,247,142.45421692,566.14267698
2,inner,248,142.46278691,566.14978779
2,inner,249,142.47123089,566.15704780
2,inner,250,142.47954624,566.16445477
2,inner,251,142.48773042,566.17200643
2,inner,252,142.49578091,566.17970045
2,inner,253,142.50369523,566.18753448
2,inner,254,142.51147095,566.19550609
2,inner,255,142.51910567,566.20361283
2,inner,256,142.52659705,566.21185222
2,inner,257,142.53394279,566.22022172
2,inner,258,142.54114062,566.22871875
2,inner,259,146.45228125,570.92860000
2,inner,260,146.45501365,570.93190587
2,inner,261,146.45772366,570.93523012
2,inner,262,146.46041115,570.93857260
2,inner,263,146.46307600,570.94193316
2,inner,264,146.46571809,570.94531164
2,inner,265,146.46833730,570.94870790
2,inner,266,146.47093351,570.95212177
2,inner,267,146.47350660,570.95555309
2,inner,268,146.47605645,570.95900172
2,inner,269,146.47858295,570.96246750
2,inner,270,146.48108598,570.96595026
2,inner,271,146.48356543,570.96944985
2,inner,272,146.48602118,570.97296611
2,inner,273,146.48845312,570.97649888
2,inner,274,146.49086114,570.98004800
2,inner,275,146.49324514,570.98361330
2,inner,276,146.49560499,570.98719462
2,inner,277,146.49794060,570.99079180
2,inner,278,146.50025186,570.99440468
2,inner,279,146.50253867,570.99803308
2,inner,280,146.50480091,571.00167685
2,inner,281,146.50703848,571.00533582
2,inner,282,146.50925129,571.00900982
2,inner,283,146.51143923,571.01269868
2,inner,284,146.51360220,571.01640224
2,inner,285,146.51574011,571.02012033
2,inner,286,146.51785285,571.02385277
2,inner,287,146.51994033,571.02759939
2,inner,288,146.52200245,571.03136004
2,inner,289,146.52403913,571.03513452
2,inner,290,146.52605026,571.03892268
2,inner,291,146.52803576,571.04272434
2,inner,292,146.52999553,571.04653932
2,inner,293,146.53192949,571.05036745
2,inner,294,146.53383755,571.05420856
2,inner,295,146.53571961,571.05806247
2,inner,296,146.53757560,571.06192901
2,inner,297,146.53940543,571.06580799
2,inner,298,146.54120901,571.06969925
2,inner,299,146.54298627,571.07360260
2,inner,300,146.54473713,571.07751786
2,inner,301,146.54646149,571.08144487
2,inner,302,146.54815929,571.08538343
2,inner,303,146.54983044,571.08933337
2,inner,304,146.55147488,571.09329451
2,inner,305,146.55309252,571.09726667
2,inner,306,146.55468329,571.10124966
2,inner,307,146.55624712,571.10524331
2,inner,308,146.55778394,571.10924743
2,inner,309,146.55929368,571.11326184
2,inner,310,146.56077626,571.11728636
2,inner,311,146.56223163,571.12132080
2,inner,312,146.56365971,571.12536497
2,inner,313,146.56506043,571.12941871
2,inner,314,146.56643375,571.13348181
2,inner,315,146.56777959,571.13755410
2,inner,316,146.56909789,571.14163538
2,inner,317,146.57038859,571.14572548
2,inner,318,146.57165163,571.14982420
2,inner,319,146.57288695,571.15393136
2,inner,320,146.57409451,571.15804677
2,inner,321,146.57527424,571.16217024
2,inner,322,146.57642609,571.16630159
2,inner,323,146.57755000,571.17044062
2,inner,324,189.43793125,731.12756875
2,inner,325,189.43869174,731.13043355
2,inner,326,189.43943885,731.13330187
2,inner,327,189.44017256,731.13617365
2,inner,328,189.44089285,731.13904882
2,inner,329,189.44159971,731.14192733
2,inner,330,189.44229313,731.14480910
2,inner,331,189.44297308,731.14769408
2,inner,332,189.44363956,731.15058220
2,inner,333,189.44429255,731.15347340
2,inner,334,189.44493203,731.15636762
2,inner,335,189.44555799,731.15926479
2,inner,336,189.44617042,731.16216486
2,inner,337,189.44676930,731.16506775
2,inner,338,189.44735462,731.16797340
2,inner,339,189.44792637,731.17088176
2,inner,340,189.44848454,731.17379276
2,inner,341,189.44902911,731.17670632
2,inner,342,189.44956007,731.17962240
2,inner,343,189.45007741,731.18254093
2,inner,344,189.45058111,731.18546184
2,inner,345,189.45107118,731.18838507
2,inner,346,189.45154759,731.19131056
2,inner,347,189.45201034,731.19423824
2,inner,348,189.45245942,731.19716804
2,inner,349,189.45289481,731.20009991
2,inner,350,189.45331651,731.20303379
2,inner,351,189.45372451,731.20596960
2,inner,352,189.45411880,731.20890728
2,inner,353,189.45449936,731.21184677
2,inner,354,189.45486620,731.21478800
2,inner,355,189.45521930,731.21773092
2,inner,356,189.45555866,731.22067545
2,inner,357,189.45588427,731.22362154
2,inner,358,189.45619612,731.22656911
2,inner,359,189.45649421,731.22951811
2,inner,360,189.45677852,731.23246846
2,inner,361,189.45704906,731.23542012
2,inner,362,189.45730582,731.23837300
2,inner,363,189.45754878,731.24132705
2,inner,364,189.45777795,731.24428220
2,inner,365,189.45799332,731.24723839
2,inner,366,189.45819489,731.25019555
2,inner,367,189.45838265,731.25315362
2,inner,368,189.45855659,731.25611254
2,inner,369,189.45871672,731.25907223
2,inner,370,189.45886303,731.26203264
2,inner,371,189.45899552,731.26499370
2,inner,372,189.45911418,731.26795535
2,inner,373,189.45921901,731.27091752
2,inner,374,189.45931001,731.27388015
2,inner,375,189.45938718,731.27684317
2,inner,376,189.45945052,731.27980651
2,inner,377,189.45950002,731.28277013
2,inner,378,189.45953568,731.28573393
2,inner,379,189.45955750,731.28869788
2,inner,380,189.45956549,731.29166189
2,inner,381,189.45955964,731.29462591
2,inner,382,189.45953995,731.29758987
2,inner,383,189.45950642,731.30055370
2,inner,384,189.45945905,731.30351735
2,inner,385,189.45939785,731.30648074
2,inner,386,189.45932282,731.30944381
2,inner,387,189.45923395,731.31240651
2,inner,388,189.45913125,731.31536875
2,inner,389,189.36430000,733.88171875
2,inner,390,189.36370279,733.89442576
2,inner,391,189.36285115,733.90711825
2,inner,392,189.36174543,733.91979114
2,inner,393,189.36038607,733.93243933
2,inner,394,189.35877362,733.94505776
2,inner,395,189.35690872,733.95764135
2,inner,396,189.35479213,733.97018506
2,inner,397,189.35242469,733.98268386
2,inner,398,189.34980735,733.99513272
2,inner,399,189.34694116,734.00752666
2,inner,400,189.34382727,734.01986069
2,inner,401,189.34046694,734.03212987
2,inner,402,189.33686151,734.04432928
2,inner,403,189.33301243,734.05645401
2,inner,404,189.32892123,734.06849921
2,inner,405,189.32458958,734.08046004
2,inner,406,189.32001919,734.09233170
2,inner,407,189.31521191,734.10410942
2,inner,408,189.31016967,734.11578848
2,inner,409,189.30489449,734.12736420
2,inner,410,189.29938848,734.13883191
2,inner,411,189.29365386,734.15018704
2,inner,412,189.28769293,734.16142501
2,inner,413,189.28150808,734.17254131
2,inner,414,189.27510179,734.18353149
2,inner,415,189.26847663,734.19439114
2,inner,416,189.26163527,734.20511590
2,inner,417,189.25458044,734.21570146
2,inner,418,189.24731497,734.22614357
2,inner,419,189.23984180,734.23643805
2,inner,420,189.23216390,734.24658076
2,inner,421,189.22428437,734.25656763
2,inner,422,189.21620637,734.26639466
2,inner,423,189.20793313,734.27605791
2,inner,424,189.19946798,734.28555348
2,inner,425,189.19081432,734.29487758
2,inner,426,189.18197562,734.30402646
2,inner,427,189.17295542,734.31299645
2,inner,428,189.16375734,734.32178394
2,inner,429,189.15438509,734.33038542
2,inner,430,189.14484241,734.33879744
2,inner,431,189.13513314,734.34701660
2,inner,432,189.12526117,734.35503963
2,inner,433,189.11523047,734.36286329
2,inner,434,189.10504505,734.37048445
2,inner,435,189.09470902,734.37790004
2,inner,436,189.08422651,734.38510710
2,inner,437,189.07360174,734.39210274
2,inner,438,189.06283896,734.39888413
2,inner,439,189.05194250,734.40544857
2,inner,440,189.04091673,734.41179341
2,inner,441,189.02976608,734.41791612
2,inner,442,189.01849501,734.42381423
2,inner,443,189.00710805,734.42948537
2,inner,444,188.99560978,734.43492728
2,inner,445,188.98400480,734.44013776
2,inner,446,188.97229778,734.44511474
2,inner,447,188.96049340,734.44985620
2,inner,448,188.94859642,734.45436024
2,inner,449,188.93661160,734.45862507
2,inner,450,188.92454375,734.46264896
2,inner,451,188.91239772,734.46643030
2,inner,452,188.90017837,734.46996758
2,inner,453,188.88789062,734.47325937
2,inner,454,183.10451986,735.93610660
2,inner,455,177.30982294,737.35342348
2,inner,456,171.50415832,738.72512233
2,inner,457,165.68788511,740.05111832
2,inner,458,159.86136307,741.33132943
2,inner,459,154.02495263,742.56567645
2,inner,460,148.17901479,743.75408305
2,inner,461,142.32391117,744.89647571
2,inner,462,136.46000393,745.99278376
2,inner,463,130.58765580,747.04293940
2,inner,464,124.70723001,748.04687767
2,inner,465,118.81909031,749.00453646
2,inner,466,112.92360092,749.91585654
2,inner,467,107.02112651,750.78078153
2,inner,468,101.11203217,751.59925795
2,inner,469,95.19668344,752.37123515
2,inner,470,89.27544620,753.09666538
2,inner,471,83.34868673,753.77550379
2,inner,472,77.41677162,754.40770836
2,inner,473,71.48006781,754.99324001
2,inner,474,65.53894251,755.53206250
2,inner,475,59.59376323,756.02414252
2,inner,476,53.64489770,756.46944962
2,inner,477,47.69271391,756.86795625
2,inner,478,41.73758003,757.21963778
2,inner,479,35.77986442,757.52447243
2,inner,480,29.81993560,757.78244137
2,inner,481,23.85816224,757.99352862
2,inner,482,17.89491310,758.15772114
2,inner,483,11.93055705,758.27500876
2,inner,484,5.96546303,758.34538424
2,inner,485,0.00000000,758.36884322
2,inner,486,-5.96546303,758.34538424
2,inner,487,-11.93055705,758.27500876
2,inner,488,-17.89491310,758.15772114
2,inner,489,-23.85816224,757.99352862
2,inner,490,-29.81993560,757.78244137
2,inner,491,-35.77986442,757.52447243
2,inner,492,-41.73758003,757.21963778
2,inner,493,-47.69271391,756.86795625
2,inner,494,-53.64489770,756.46944962
2,inner,495,-59.59376323,756.02414252
2,inner,496,-65.53894251,755.53206250
2,inner,497,-71.48006781,754.99324001
2,inner,498,-77.41677162,754.40770836
2,inner,499,-83.34868673,753.77550379
2,inner,500,-89.27544620,753.09666538
2,inner,501,-95.19668344,752.37123515
2,inner,502,-101.11203217,751.59925795
2,inner,503,-107.02112651,750.78078153
2,inner,504,-112.92360092,749.91585654
2,inner,505,-118.81909031,749.00453646
2,inner,506,-124.70723001,748.04687767
2,inner,507,-130.58765580,747.04293940
2,inner,508,-136.46000393,745.99278376
2,inner,509,-142.32391117,744.89647571
2,inner,510,-148.17901479,743.75408305
2,inner,511,-154.02495263,742.56567645
2,inner,512,-159.86136307,741.33132943
2,inner,513,-165.68788511,740.05111832
2,inner,514,-171.50415832,738.72512233
2,inner,515,-177.30982294,737.35342348
2,inner,516,-183.10451986,735.93610660
2,inner,517,-188.88789062,734.47325937
2,inner,518,-188.90017837,734.46996758
2,inner,519,-188.91239772,734.46643030
2,inner,520,-188.92454375,734.46264896
2,inner,521,-188.93661160,734.45862507
2,inner,522,-188.94859642,734.45436024
2,inner,523,-188.96049340,734.44985620
2,inner,524,-188.97229778,734.44511474
2,inner,525,-188.98400480,734.44013776
2,inner,526,-188.99560978,734.43492728
2,inner,527,-189.00710805,734.42948537
2,inner,528,-189.01849501,734.42381423
2,inner,529,-189.02976608,734.41791612
2,inner,530,-189.04091673,734.41179341
2,inner,531,-189.05194250,734.40544857
2,inner,532,-189.06283896,734.39888413
2,inner,533,-189.07360174,734.39210274
2,inner,534,-189.08422651,734.38510710
2,inner,535,-189.09470902,734.37790004
2,inner,536,-189.10504505,734.37048445
2,inner,537,-189.11523047,734.36286329
2,inner,538,-189.12526117,734.35503963
2,inner,539,-189.13513314,734.34701660
2,inner,540,-189.14484241,734.33879744
2,inner,541,-189.15438509,734.33038542
2,inner,542,-189.16375734,734.32178394
2,inner,543,-189.17295542,734.31299645
2,inner,544,-189.18197562,734.30402646
2,inner,545,-189.19081432,734.29487758
2,inner,546,-189.19946798,734.28555348
2,inner,547,-189.20793313,734.27605791
2,inner,548,-189.21620637,734.26639466
2,inner,549,-189.22428437,734.25656763
2,inner,550,-189.23216390,734.24658076
2,inner,551,-189.23984180,734.23643805
2,inner,552,-189.24731497,734.22614357
2,inner,553,-189.25458044,734.21570146
2,inner,554,-189.26163527,734.20511590
2,inner,555,-189.26847663,734.19439114
2,inner,556,-189.27510179,734.18353149
2,inner,557,-189.28150808,734.17254131
2,inner,558,-189.28769293,734.16142501
2,inner,559,-189.29365386,734.15018704
2,inner,560,-189.29938848,734.13883191
2,inner,561,-189.30489449,734.12736420
2,inner,562,-189.31016967,734.11578848
2,inner,563,-189.31521191,734.10410942
2,inner,564,-189.32001919,734.09233170
2,inner,565,-189.32458958,734.08046004
2,inner,566,-189.32892123,734.06849921
2,inner,567,-189.33301243,734.05645401
2,inner,568,-189.33686151,734.04432928
2,inner,569,-189.34046694,734.03212987
2,inner,570,-189.34382727,734.01986069
2,inner,571,-189.34694116,734.00752666
2,inner,572,-189.34980735,733.99513272
2,inner,573,-189.35242469,733.98268386
2,inner,574,-189.35479213,733.97018506
2,inner,575,-189.35690872,733.95764135
2,inner,576,-189.35877362,733.94505776
2,inner,577,-189.36038607,733.93243933
2,inner,578,-189.36174543,733.91979114
2,inner,579,-189.36285115,733.90711825
2,inner,580,-189.36370279,733.89442576
2,inner,581,-189.36430000,733.88171875
2,inner,582,-189.45913125,731.31536875
2,inner,583,-189.43793125,731.12756875
